market,sportsbook,league,wins,losses,profit,roi_pct,est_user_bpd
Total Hits,NoVig,MLB,3.7,5.1,-1.49,-2.12,16.0
Total Hits,PointsBet,MLB,3000.0,3.7,403.51,0.75,13.0
Total Hits,DraftKings,MLB,2.7,3.7,-199.98,-0.38,12.0
Total Hits,HardRockNJ,MLB,2.5,3.8,451.39,0.9,12.0
Total Hits,HardRock,MLB,2.5,3.8,451.39,0.9,12.0
Total Hits,OnyxOdds,MLB,2.6,3.6,-427.3,-0.85,12.0
Total Hits,BetMGM,MLB,1.9,2.6,-619.41,-1.72,9.0
Total Hits,Borgata,MLB,1.9,2.6,-619.41,-1.72,9.0
Total Hits,SportsInteraction,MLB,1.9,2.6,-619.41,-1.72,9.0
Total Hits,ProphetX,MLB,1.8,2.3,-857.37,-2.59,8.0
Total Hits,BetOnline,MLB,1.5,1.9,298.4,1.09,7.0
Total Home Runs,NoVig,MLB,2.3,1.4,-1.72,-5.76,7.0
Points,DraftKings,NBA,4.7,3.7,2.52,3.79,7.0
Total Home Runs,ProphetX,MLB,1.5,1.6,-863.94,-3.47,6.0
Total Hits,TheScore,MLB,1.3,1.6,-720.04,-3.09,6.0
Points,BetMGM,NBA,4.2,3.4,1.64,2.7,6.0
Points,Borgata,NBA,4.2,3.4,1.64,2.7,6.0
Points,SportsInteraction,NBA,4.2,3.4,1.64,2.7,6.0
Points + Rebounds + Assists,BetMGM,NBA,3.9,3000.0,2.68,4.87,6.0
Points + Rebounds + Assists,Borgata,NBA,3.9,3000.0,2.68,4.87,6.0
Points + Rebounds + Assists,SportsInteraction,NBA,3.9,3000.0,2.68,4.87,6.0
Rebounds,BetMGM,NBA,3.9,3000.0,1.76,3.2,6.0
Rebounds,Borgata,NBA,3.9,3000.0,1.76,3.2,6.0
Rebounds,SportsInteraction,NBA,3.9,3000.0,1.76,3.2,6.0
Rebounds,DraftKings,NBA,4.4,3.4,1.59,2.57,6.0
Points,HardRockNJ,NBA,4000.0,3.2,984.76,1.72,6.0
Points,HardRock,NBA,4.3,3.4,853.62,1.39,6.0
3-Pointers,PointsBet,NBA,3.9,3.2,2.84,5.05,6.0
Total Hits,Fanatics,MLB,1.1,1.4,238.57,1.19,5.0
Total Singles,HardRockNJ,MLB,1.4,1.3,97.58,0.46,5.0
Total Singles,HardRock,MLB,1.4,1.3,97.58,0.46,5.0
Hits + Runs + RBIs,NoVig,MLB,1.2,1.3,219.49,1.1,5.0
Total Strikeouts,NoVig,MLB,1.2,1.2,4.66,0.02,5.0
Total Bases,PointsBet,MLB,1.4,1000.0,933.67,4.72,5.0
Assists,DraftKings,NBA,3000.0,2.4,1.39,3.2,5.0
3-Pointers,DraftKings,NBA,3.6,3000.0,2.51,4.76,5.0
Points + Rebounds + Assists,HardRock,NBA,3.1,2.5,1.68,3.76,5.0
Rebounds,HardRock,NBA,3.3,2.5,2.15,4.63,5.0
Points,OnyxOdds,NBA,3.6,2.9,1.22,2.35,5.0
Rebounds,OnyxOdds,NBA,3.4,2.5,1.16,2.46,5.0
Points,PointsBet,NBA,3.6,2.8,1.61,3.12,5.0
Rebounds,PointsBet,NBA,3.5,2.6,1.64,3.39,5.0
Points,TheScore,NBA,3.5,2.9,815.51,1.61,5.0
Total Points,Unibet,NHL,1.4,1.2,1.21,5.96,5.0
Total Points,BetParx,NHL,1.4,1.2,1.21,5.96,5.0
Total Points,NorthStarBetsON,NHL,1.4,1.2,1.21,5.96,5.0
Total Hits,Betcris,MLB,776.0,1.2,411.98,2.59,4.0
Total Hits,BookMaker,MLB,776.0,1.2,411.98,2.59,4.0
Total Hits,Unibet,MLB,879.0,1.3,536.73,3.07,4.0
Total Hits,BetParx,MLB,879.0,1.3,536.73,3.07,4.0
Total Hits,NorthStarBetsON,MLB,879.0,1.3,536.73,3.07,4.0
Total Home Runs,Unibet,MLB,466.0,1.5,599.77,3.87,4.0
Total Home Runs,BetParx,MLB,466.0,1.5,599.77,3.87,4.0
Total Home Runs,NorthStarBetsON,MLB,466.0,1.5,599.77,3.87,4.0
Total Hits,BetRivers,MLB,868.0,1.3,495.72,2.86,4.0
Total Hits,SugarHouse,MLB,868.0,1.3,495.72,2.86,4.0
Total Home Runs,BetRivers,MLB,451.0,1.4,107.1,0.71,4.0
Total Home Runs,SugarHouse,MLB,451.0,1.4,107.1,0.71,4.0
Total Hits,Caesars,MLB,802.0,1000.0,-421.44,-2.89,4.0
Total Doubles,FanDuel,MLB,335.0,1.8,-1.13,-6.61,4.0
Total Home Runs,FanDuel,MLB,255.0,1.6,-1.53,-10.25,4.0
Total Bases,NoVig,MLB,1000.0,760.0,821.18,5.8,4.0
Total Bases,ProphetX,MLB,1.1,967.0,297.67,1.78,4.0
Total Hits,STNSports,MLB,735.0,1.1,-1.05,-7.21,4.0
Assists,BetMGM,NBA,2.6,2000.0,2.23,5.99,4.0
Assists,Borgata,NBA,2.6,2000.0,2.23,5.99,4.0
Assists,SportsInteraction,NBA,2.6,2000.0,2.23,5.99,4.0
Points,Unibet,NBA,2.3,1.8,988.86,2.98,4.0
Points,BetParx,NBA,2.3,1.8,988.86,2.98,4.0
Points,NorthStarBetsON,NBA,2.3,1.8,988.86,2.98,4.0
Points,Caesars,NBA,2.3,2000.0,-159.52,-0.47,4.0
Points + Rebounds + Assists,DraftKings,NBA,2.3,1.9,694.76,2.08,4.0
Points,Fanatics,NBA,3000.0,2.3,1.54,3.61,4.0
Rebounds,Fanatics,NBA,2.7,2000.0,863.61,2.26,4.0
Points,FanDuel,NBA,2.6,2.2,691.65,1.79,4.0
Rebounds,FanDuel,NBA,2.6,2.3,-710.64,-1.82,4.0
Points + Rebounds + Assists,HardRockNJ,NBA,2.9,2.3,1.64,3.92,4.0
Rebounds,HardRockNJ,NBA,3.1,2.3,2.08,4.8,4.0
Points,NoVig,NBA,2.6,2.6,-25.16,-0.06,4.0
Rebounds,NoVig,NBA,2.2,2.1,-715.48,-2.08,4.0
3-Pointers,OnyxOdds,NBA,2.3,1.9,1.13,3.43,4.0
Points + Rebounds + Assists,PointsBet,NBA,2.4,1.8,1.69,5.01,4.0
Points,ProphetX,NBA,2.3,2.2,777.58,2.15,4.0
Points + Rebounds + Assists,TheScore,NBA,2.6,2.1,1.32,3.48,4.0
Rebounds,TheScore,NBA,3.1,2.3,1.76,4.06,4.0
Total Points,BetRivers,NHL,1.1,943.0,1.13,6.95,4.0
Total Points,SugarHouse,NHL,1.1,943.0,1.13,6.95,4.0
Total Points,FanDuel,NHL,1.1,1.1,-131.2,-0.73,4.0
Total Shots on Goal,FanDuel,NHL,1000.0,1000.0,340.85,2.06,4.0
Total Shots on Goal,NoVig,NHL,831.0,931.0,1.38,0.01,4.0
Total Shots on Goal,ProphetX,NHL,807.0,901.0,37.44,0.27,4.0
Total Assists,STNSports,NHL,1.2,674.0,689.05,4.57,4.0
Total Home Runs,Bally,MLB,233.0,1.1,511.87,4.85,3.0
Total Bases,Betcris,MLB,619.0,693.0,-90.99,-0.87,3.0
Total Bases,BookMaker,MLB,619.0,693.0,-90.99,-0.87,3.0
Total Player Runs,Unibet,MLB,651.0,498.0,746.09,8.12,3.0
Total Player Runs,BetParx,MLB,651.0,498.0,746.09,8.12,3.0
Total Player Runs,NorthStarBetsON,MLB,651.0,498.0,746.09,8.12,3.0
Total Player Runs,BetRivers,MLB,637.0,486.0,752.4,8.37,3.0
Total Player Runs,SugarHouse,MLB,637.0,486.0,752.4,8.37,3.0
Total Hits,CoolBet,MLB,601.0,936.0,-1.22,-9.92,3.0
Total Singles,DraftKings,MLB,825.0,766.0,238.58,1.87,3.0
Total Bases,Fanatics,MLB,706.0,729.0,-225.04,-1.96,3.0
Total Player Runs,Fanatics,MLB,489.0,772.0,-970.34,-9.62,3.0
Total Player Runs,NoVig,MLB,786.0,804.0,-195.05,-1.53,3.0
Total Singles,OnyxOdds,MLB,659.0,633.0,13.03,0.13,3.0
Total Strikeouts,PointsBet,MLB,627.0,566.0,198.47,2.08,3.0
Hits + Runs + RBIs,ProphetX,MLB,708.0,734.0,199.3,1.73,3.0
Total Strikeouts,ProphetX,MLB,591.0,692.0,-382.55,-3.73,3.0
3-Pointers,BetMGM,NBA,2.2,1.8,1.51,4.68,3.0
3-Pointers,Borgata,NBA,2.2,1.8,1.51,4.68,3.0
3-Pointers,SportsInteraction,NBA,2.2,1.8,1.51,4.68,3.0
Points,BetOnline,NBA,1.9,1.6,266.77,0.96,3.0
Points + Rebounds + Assists,Unibet,NBA,1.6,1.2,939.58,4.23,3.0
Points + Rebounds + Assists,BetParx,NBA,1.6,1.2,939.58,4.23,3.0
Points + Rebounds + Assists,NorthStarBetsON,NBA,1.6,1.2,939.58,4.23,3.0
Rebounds,Unibet,NBA,2.3,1.8,1000.0,3.12,3.0
Rebounds,BetParx,NBA,2.3,1.8,1000.0,3.12,3.0
Rebounds,NorthStarBetsON,NBA,2.3,1.8,1000.0,3.12,3.0
Points,BetRivers,NBA,2.1,1.7,1.03,3.37,3.0
Points,SugarHouse,NBA,2.1,1.7,1.03,3.37,3.0
Rebounds,BetRivers,NBA,2.1,1.6,1.15,3.88,3.0
Rebounds,SugarHouse,NBA,2.1,1.6,1.15,3.88,3.0
Points + Rebounds + Assists,Caesars,NBA,1.8,1.6,-514.56,-1.91,3.0
Rebounds,Caesars,NBA,2000.0,1.4,872.09,3.16,3.0
Points + Rebounds + Assists,Fanatics,NBA,1.5,1.3,637.58,2.85,3.0
Assists,Fanatics,NBA,1.6,1.2,990.67,4.41,3.0
3-Pointers,Fanatics,NBA,1.9,1.5,1.24,4.55,3.0
Assists,FanDuel,NBA,1.7,1.6,-98.67,-0.37,3.0
3-Pointers,FanDuel,NBA,1.9,1.7,1.01,3.52,3.0
Assists,HardRockNJ,NBA,1.8,1.4,1.36,5.24,3.0
3-Pointers,HardRockNJ,NBA,1.6,1.3,1.03,4.38,3.0
Assists,HardRock,NBA,2000.0,1.6,1.4,4.91,3.0
3-Pointers,HardRock,NBA,1.7,1.4,995.02,3.92,3.0
Points + Rebounds + Assists,NoVig,NBA,1.3,1.4,-50.25,-0.23,3.0
Assists,NoVig,NBA,1.7,1.6,357.55,1.38,3.0
Points + Rebounds + Assists,OnyxOdds,NBA,1.7,1.4,356.11,1.46,3.0
Assists,OnyxOdds,NBA,2.2,1.7,1.76,5.79,3.0
Assists,PointsBet,NBA,2.1,1.6,1.79,5.96,3.0
Points + Rebounds + Assists,ProphetX,NBA,1.5,1.6,-233.82,-0.93,3.0
Rebounds,ProphetX,NBA,1.8,1.6,-22.15,-0.08,3.0
Points,STNSports,NBA,2.1,1.9,150.95,0.47,3.0
Rebounds,STNSports,NBA,2.3,1.7,822.58,2.53,3.0
Assists,TheScore,NBA,2.1,1.6,1.49,5.11,3.0
Points,NoVig,WNBA,776.0,838.0,-83.76,-0.65,3.0
Hits + Runs + RBIs,Betcris,MLB,416.0,464.0,-222.82,-3.17,2.0
Hits + Runs + RBIs,BookMaker,MLB,416.0,464.0,-222.82,-3.17,2.0
Total Home Runs,Betcris,MLB,229.0,409.0,-400.76,-7.85,2.0
Total Home Runs,BookMaker,MLB,229.0,409.0,-400.76,-7.85,2.0
Moneyline,Betcris,MLB,380.0,407.0,-338.02,-5.37,2.0
Moneyline,BookMaker,MLB,380.0,407.0,-338.02,-5.37,2.0
Total Singles,BetMGM,MLB,335.0,349.0,-5.55,-0.1,2.0
Total Singles,Borgata,MLB,335.0,349.0,-5.55,-0.1,2.0
Total Singles,SportsInteraction,MLB,335.0,349.0,-5.55,-0.1,2.0
Total Strikeouts,BetMGM,MLB,343.0,315.0,186.87,3.55,2.0
Total Strikeouts,Borgata,MLB,343.0,315.0,186.87,3.55,2.0
Total Strikeouts,SportsInteraction,MLB,343.0,315.0,186.87,3.55,2.0
Total Bases,BetOnline,MLB,295.0,298.0,51.03,1.08,2.0
Total Bases,Unibet,MLB,301.0,409.0,-248.99,-4.38,2.0
Total Bases,BetParx,MLB,301.0,409.0,-248.99,-4.38,2.0
Total Bases,NorthStarBetsON,MLB,301.0,409.0,-248.99,-4.38,2.0
Total Bases,BetRivers,MLB,296.0,403.0,-280.19,-5.01,2.0
Total Bases,SugarHouse,MLB,296.0,403.0,-280.19,-5.01,2.0
Total Hits,Bovada,MLB,355.0,453.0,241.53,3.74,2.0
Total Strikeouts,DraftKings,MLB,330.0,293.0,153.33,3.08,2.0
Total Player Runs,DraftKings,MLB,367.0,378.0,101.21,1.7,2.0
Total Home Runs,DraftKings,MLB,116.0,688.0,-444.08,-6.9,2.0
Total Strikeouts,Fanatics,MLB,359.0,312.0,159.29,2.97,2.0
Total Home Runs,Fanatics,MLB,81.0,488.0,-271.57,-5.97,2.0
Total Bases,FanDuel,MLB,199.0,382.0,-343.6,-7.39,2.0
Total Strikeouts,FanDuel,MLB,545.0,486.0,317.79,3.85,2.0
Total Hits,Fliff,MLB,460.0,608.0,-467.48,-5.47,2.0
Total Player Runs,HardRockNJ,MLB,448.0,506.0,-433.54,-5.68,2.0
Total Player Runs,HardRock,MLB,448.0,506.0,-433.54,-5.68,2.0
Total Hits Allowed,NoVig,MLB,501.0,543.0,13.68,0.16,2.0
Total Earned Runs,NoVig,MLB,528.0,529.0,267.25,3.16,2.0
Total Strikeouts,OnyxOdds,MLB,381.0,376.0,-1.04,-0.02,2.0
Total Player Runs,OnyxOdds,MLB,328.0,335.0,123.55,2.33,2.0
Total Home Runs,OnyxOdds,MLB,111.0,640.0,-152.79,-2.54,2.0
Total Home Runs,PointsBet,MLB,152.0,790.0,-445.96,-5.92,2.0
Total Earned Runs,ProphetX,MLB,285.0,287.0,116.25,2.54,2.0
Total Runs,ProphetX,MLB,428.0,427.0,242.9,3.55,2.0
Total Player Runs,ProphetX,MLB,316.0,280.0,332.04,6.96,2.0
Total Home Runs,TheScore,MLB,113.0,499.0,-635.22,-12.97,2.0
Points,Betcris,NBA,1.4,1.2,625.84,3.0,2.0
Points,BookMaker,NBA,1.4,1.2,625.84,3.0,2.0
Assists,Betcris,NBA,801.0,661.0,582.89,4.98,2.0
Assists,BookMaker,NBA,801.0,661.0,582.89,4.98,2.0
Rebounds,Betcris,NBA,1.5,1.2,419.38,1.97,2.0
Rebounds,BookMaker,NBA,1.5,1.2,419.38,1.97,2.0
Rebounds + Assists,BetMGM,NBA,1.2,938.0,852.27,5.05,2.0
Rebounds + Assists,Borgata,NBA,1.2,938.0,852.27,5.05,2.0
Rebounds + Assists,SportsInteraction,NBA,1.2,938.0,852.27,5.05,2.0
Points + Rebounds,BetMGM,NBA,1.1,908.0,418.58,2.62,2.0
Points + Rebounds,Borgata,NBA,1.1,908.0,418.58,2.62,2.0
Points + Rebounds,SportsInteraction,NBA,1.1,908.0,418.58,2.62,2.0
Points + Rebounds + Assists,BetOnline,NBA,932.0,769.0,485.18,3.57,2.0
Rebounds,BetOnline,NBA,1.5,1000.0,910.87,4.53,2.0
3-Pointers,BetOnline,NBA,1.1,847.0,495.6,3.26,2.0
Assists,Unibet,NBA,1.4,1.2,903.6,4.33,2.0
Assists,BetParx,NBA,1.4,1.2,903.6,4.33,2.0
Assists,NorthStarBetsON,NBA,1.4,1.2,903.6,4.33,2.0
3-Pointers,Unibet,NBA,1.2,950.0,1.21,7.12,2.0
3-Pointers,BetParx,NBA,1.2,950.0,1.21,7.12,2.0
3-Pointers,NorthStarBetsON,NBA,1.2,950.0,1.21,7.12,2.0
Points + Rebounds + Assists,BetRivers,NBA,1.4,1.1,804.2,4.01,2.0
Points + Rebounds + Assists,SugarHouse,NBA,1.4,1.1,804.2,4.01,2.0
Assists,BetRivers,NBA,1.3,1.1,963.87,5.12,2.0
Assists,SugarHouse,NBA,1.3,1.1,963.87,5.12,2.0
3-Pointers,BetRivers,NBA,1.1,846.0,1.08,7.14,2.0
3-Pointers,SugarHouse,NBA,1.1,846.0,1.08,7.14,2.0
Points,Bovada,NBA,892.0,722.0,299.72,2.32,2.0
Assists,Caesars,NBA,1.2,970.0,185.28,1.08,2.0
3-Pointers,Caesars,NBA,1.3,1.1,148.04,0.78,2.0
Points,CoolBet,NBA,1.1,925.0,-63.89,-0.4,2.0
Rebounds,CoolBet,NBA,1.3,917.0,181.05,1.03,2.0
Rebounds + Assists,DraftKings,NBA,775.0,615.0,758.29,6.82,2.0
Points + Rebounds + Assists,FanDuel,NBA,1.3,1.2,-335.5,-1.71,2.0
Rebounds + Assists,HardRock,NBA,1.3,1000.0,1.37,7.3,2.0
Points + Rebounds,HardRock,NBA,797.0,686.0,-49.55,-0.42,2.0
3-Pointers,NoVig,NBA,1.3,1.2,731.37,3.58,2.0
Rebounds + Assists,OnyxOdds,NBA,817.0,640.0,824.53,7.07,2.0
Points + Rebounds,OnyxOdds,NBA,781.0,655.0,314.49,2.74,2.0
Points,Pinnacle,NBA,845.0,782.0,-185.97,-1.43,2.0
Points + Rebounds + Assists,Pinnacle,NBA,1.2,1000.0,816.48,4.54,2.0
3-Pointers,Pinnacle,NBA,754.0,615.0,332.99,3.04,2.0
Points,PrizePicks,NBA,807.0,640.0,65.78,0.57,2.0
Rebounds,PrizePicks,NBA,1000.0,701.0,1000.0,7.32,2.0
Assists,ProphetX,NBA,1.3,1.3,61.27,0.29,2.0
3-Pointers,ProphetX,NBA,1.1,996.0,145.36,0.88,2.0
Points,Rebet,NBA,841.0,688.0,-70.66,-0.58,2.0
Rebounds,Rebet,NBA,1.1,706.0,453.9,3.09,2.0
Assists,STNSports,NBA,1.5,1.1,1.36,6.63,2.0
3-Pointers,STNSports,NBA,1.1,940.0,817.65,4.92,2.0
Rebounds + Assists,TheScore,NBA,1000.0,822.0,755.13,5.11,2.0
Points + Rebounds,TheScore,NBA,1.1,908.0,298.11,1.88,2.0
Points,BetMGM,NCAAB,244.0,179.0,409.3,12.1,2.0
Points,Borgata,NCAAB,244.0,179.0,409.3,12.1,2.0
Points,SportsInteraction,NCAAB,244.0,179.0,409.3,12.1,2.0
Total Receptions,BetMGM,NFL,569.0,493.0,61.29,0.72,2.0
Total Receptions,Borgata,NFL,569.0,493.0,61.29,0.72,2.0
Total Receptions,SportsInteraction,NFL,569.0,493.0,61.29,0.72,2.0
Total Receptions,Fanatics,NFL,454.0,387.0,-142.26,-2.11,2.0
Total Receptions,HardRockNJ,NFL,547.0,502.0,135.8,1.62,2.0
Total Receptions,HardRock,NFL,704.0,617.0,491.35,4.65,2.0
Total Receiving Yards,HardRock,NFL,429.0,353.0,187.61,3.0,2.0
Total Receptions,NoVig,NFL,602.0,680.0,-479.09,-4.67,2.0
Total Receiving Yards,NoVig,NFL,374.0,438.0,-353.9,-5.45,2.0
Total Receptions,PointsBet,NFL,405.0,324.0,80.69,1.38,2.0
Total Receptions,ProphetX,NFL,529.0,560.0,-275.17,-3.16,2.0
Total Shots on Goal,Unibet,NHL,562.0,539.0,338.5,3.84,2.0
Total Shots on Goal,BetParx,NHL,562.0,539.0,338.5,3.84,2.0
Total Shots on Goal,NorthStarBetsON,NHL,562.0,539.0,338.5,3.84,2.0
Total Shots on Goal,BetRivers,NHL,512.0,486.0,358.86,4.49,2.0
Total Shots on Goal,SugarHouse,NHL,512.0,486.0,358.86,4.49,2.0
Total Assists,CoolBet,NHL,355.0,256.0,43.17,0.88,2.0
Total Shots on Goal,HardRockNJ,NHL,352.0,336.0,70.27,1.28,2.0
Total Shots on Goal,HardRock,NHL,369.0,356.0,65.85,1.14,2.0
Total Assists,NoVig,NHL,398.0,264.0,243.91,4.61,2.0
Total Points,NoVig,NHL,318.0,337.0,-158.82,-3.03,2.0
Total Shots on Goal,STNSports,NHL,469.0,463.0,517.33,6.94,2.0
Total Shots on Goal,TheScore,NHL,390.0,318.0,323.66,5.71,2.0
Assists,NoVig,WNBA,353.0,412.0,-341.19,-5.58,2.0
Rebounds,NoVig,WNBA,494.0,511.0,7.57,0.09,2.0
Total Doubles,Bally,MLB,60.0,299.0,-118.53,-4.13,1.0
Total Bases,Bally,MLB,105.0,221.0,-178.0,-6.83,1.0
Total Strikeouts,Betcris,MLB,248.0,239.0,230.49,5.92,1.0
Total Strikeouts,BookMaker,MLB,248.0,239.0,230.49,5.92,1.0
Total Player Runs,BetMGM,MLB,254.0,275.0,-85.75,-2.03,1.0
Total Player Runs,Borgata,MLB,254.0,275.0,-85.75,-2.03,1.0
Total Player Runs,SportsInteraction,MLB,254.0,275.0,-85.75,-2.03,1.0
Total Home Runs,BetMGM,MLB,94.0,207.0,253.76,10.54,1.0
Total Home Runs,Borgata,MLB,94.0,207.0,253.76,10.54,1.0
Total Home Runs,SportsInteraction,MLB,94.0,207.0,253.76,10.54,1.0
Total Doubles,Unibet,MLB,133.0,323.0,-90.92,-2.49,1.0
Total Doubles,BetParx,MLB,133.0,323.0,-90.92,-2.49,1.0
Total Doubles,NorthStarBetsON,MLB,133.0,323.0,-90.92,-2.49,1.0
Total Strikeouts,Unibet,MLB,159.0,132.0,163.91,7.04,1.0
Total Strikeouts,BetParx,MLB,159.0,132.0,163.91,7.04,1.0
Total Strikeouts,NorthStarBetsON,MLB,159.0,132.0,163.91,7.04,1.0
Total Doubles,BetRivers,MLB,131.0,317.0,-111.9,-3.12,1.0
Total Doubles,SugarHouse,MLB,131.0,317.0,-111.9,-3.12,1.0
Total Strikeouts,BetRivers,MLB,159.0,131.0,171.91,7.41,1.0
Total Strikeouts,SugarHouse,MLB,159.0,131.0,171.91,7.41,1.0
Total Bases,Caesars,MLB,147.0,204.0,87.17,3.1,1.0
Total Player Runs,Caesars,MLB,208.0,239.0,-232.2,-6.49,1.0
Total Singles,CoolBet,MLB,244.0,194.0,312.37,8.91,1.0
Total Bases,CoolBet,MLB,201.0,124.0,-84.91,-3.27,1.0
Total Doubles,DraftKings,MLB,173.0,220.0,-558.15,-17.75,1.0
Hits + Runs + RBIs,DraftKings,MLB,253.0,214.0,329.03,8.81,1.0
Total Bases,DraftKings,MLB,202.0,275.0,-205.09,-5.37,1.0
Total Singles,Fanatics,MLB,217.0,207.0,107.22,3.16,1.0
Total Player Runs,FanDuel,MLB,154.0,243.0,-364.24,-11.47,1.0
Total Bases,Fliff,MLB,171.0,142.0,-92.31,-3.69,1.0
Total Doubles,HardRockNJ,MLB,186.0,186.0,-208.18,-7.0,1.0
Hits + Runs + RBIs,HardRockNJ,MLB,270.0,244.0,289.08,7.03,1.0
Total Bases,HardRockNJ,MLB,195.0,200.0,102.57,3.25,1.0
Total Strikeouts,HardRockNJ,MLB,248.0,236.0,46.08,1.19,1.0
Total Doubles,HardRock,MLB,186.0,186.0,-208.18,-7.0,1.0
Hits + Runs + RBIs,HardRock,MLB,270.0,244.0,289.08,7.03,1.0
Total Bases,HardRock,MLB,195.0,200.0,102.57,3.25,1.0
Total Strikeouts,HardRock,MLB,248.0,236.0,46.08,1.19,1.0
Total Runs,NoVig,MLB,253.0,240.0,285.65,7.24,1.0
Total Doubles,OnyxOdds,MLB,145.0,205.0,-588.47,-21.02,1.0
Hits + Runs + RBIs,OnyxOdds,MLB,196.0,183.0,123.99,4.09,1.0
Total Earned Runs,OnyxOdds,MLB,199.0,166.0,85.55,2.93,1.0
Total Bases,OnyxOdds,MLB,177.0,249.0,-172.32,-5.06,1.0
Total Bases,Pinnacle,MLB,230.0,307.0,-32.54,-0.76,1.0
Total Strikeouts,Pinnacle,MLB,152.0,189.0,-192.05,-7.04,1.0
Total Home Runs,Pinnacle,MLB,81.0,284.0,-146.51,-5.02,1.0
Run Line,ProphetX,MLB,161.0,148.0,80.01,3.24,1.0
Moneyline,ProphetX,MLB,242.0,275.0,-196.75,-4.76,1.0
Run Line,STNSports,MLB,171.0,119.0,296.55,12.78,1.0
Total Singles,STNSports,MLB,219.0,195.0,116.33,3.51,1.0
Total Bases,STNSports,MLB,249.0,171.0,-106.31,-3.16,1.0
Total Singles,TheScore,MLB,171.0,142.0,-27.57,-1.1,1.0
Total Bases,TheScore,MLB,225.0,236.0,48.62,1.32,1.0
Total Strikeouts,TheScore,MLB,218.0,182.0,175.01,5.47,1.0
Total Player Runs,TheScore,MLB,252.0,256.0,-147.74,-3.64,1.0
3-Pointers,Betcris,NBA,391.0,344.0,92.34,1.57,1.0
3-Pointers,BookMaker,NBA,391.0,344.0,92.34,1.57,1.0
Assists,BetOnline,NBA,730.0,619.0,82.47,0.76,1.0
Rebounds + Assists,Unibet,NBA,565.0,446.0,494.41,6.11,1.0
Rebounds + Assists,BetParx,NBA,565.0,446.0,494.41,6.11,1.0
Rebounds + Assists,NorthStarBetsON,NBA,565.0,446.0,494.41,6.11,1.0
Points + Rebounds,Unibet,NBA,645.0,527.0,374.02,3.99,1.0
Points + Rebounds,BetParx,NBA,645.0,527.0,374.02,3.99,1.0
Points + Rebounds,NorthStarBetsON,NBA,645.0,527.0,374.02,3.99,1.0
Points + Rebounds + Assists,Bovada,NBA,685.0,547.0,537.08,5.45,1.0
Assists,Bovada,NBA,499.0,429.0,28.35,0.38,1.0
Rebounds,Bovada,NBA,739.0,570.0,106.43,1.02,1.0
3-Pointers,Bovada,NBA,660.0,562.0,507.77,5.19,1.0
Points,Circa,NBA,525.0,466.0,422.21,5.33,1.0
Assists,CoolBet,NBA,755.0,577.0,505.53,4.74,1.0
3-Pointers,CoolBet,NBA,711.0,596.0,312.57,2.99,1.0
Rebounds,Dabble,NBA,428.0,309.0,342.25,5.8,1.0
Points + Rebounds,DraftKings,NBA,743.0,601.0,448.87,4.17,1.0
Rebounds + Assists,Fanatics,NBA,698.0,557.0,656.89,6.54,1.0
Points + Rebounds,Fanatics,NBA,544.0,484.0,88.67,1.08,1.0
Rebounds,Fliff,NBA,593.0,438.0,-366.63,-4.45,1.0
Points + Assists,HardRock,NBA,357.0,378.0,-346.4,-5.89,1.0
Assists,Pinnacle,NBA,751.0,583.0,670.75,6.29,1.0
Rebounds,Pinnacle,NBA,738.0,473.0,805.1,8.31,1.0
Points + Rebounds + Assists,PrizePicks,NBA,419.0,264.0,612.19,11.2,1.0
Assists,PrizePicks,NBA,566.0,389.0,587.58,7.69,1.0
Points + Rebounds,ProphetX,NBA,508.0,488.0,161.03,2.02,1.0
Assists,Rebet,NBA,474.0,294.0,242.5,3.95,1.0
3-Pointers,TheScore,NBA,367.0,334.0,-32.66,-0.58,1.0
Points,Underdog,NBA,655.0,523.0,10.92,0.12,1.0
Assists,Underdog,NBA,396.0,300.0,10.68,0.19,1.0
Rebounds,Underdog,NBA,712.0,485.0,245.32,2.56,1.0
Assists,BetMGM,NCAAB,120.0,120.0,26.93,1.4,1.0
Assists,Borgata,NCAAB,120.0,120.0,26.93,1.4,1.0
Assists,SportsInteraction,NCAAB,120.0,120.0,26.93,1.4,1.0
Rebounds,BetMGM,NCAAB,139.0,134.0,-6.76,-0.31,1.0
Rebounds,Borgata,NCAAB,139.0,134.0,-6.76,-0.31,1.0
Rebounds,SportsInteraction,NCAAB,139.0,134.0,-6.76,-0.31,1.0
Moneyline,Unibet,NCAAB,163.0,106.0,-80.17,-3.73,1.0
Moneyline,BetParx,NCAAB,163.0,106.0,-80.17,-3.73,1.0
Moneyline,NorthStarBetsON,NCAAB,163.0,106.0,-80.17,-3.73,1.0
Moneyline,BetRivers,NCAAB,136.0,83.0,-42.99,-2.45,1.0
Moneyline,SugarHouse,NCAAB,136.0,83.0,-42.99,-2.45,1.0
Points,Fanatics,NCAAB,185.0,140.0,214.26,8.24,1.0
Rebounds,Fanatics,NCAAB,135.0,156.0,-182.82,-7.85,1.0
Moneyline,Polymarket,NCAAB,193.0,143.0,259.3,9.65,1.0
Moneyline,ProphetX,NCAAB,154.0,112.0,-52.26,-2.46,1.0
Total Receiving Yards,HardRockNJ,NCAAF,128.0,110.0,6.85,0.36,1.0
Total Receiving Yards,HardRock,NCAAF,129.0,113.0,-10.19,-0.53,1.0
Total Rushing Yards,HardRock,NCAAF,125.0,80.0,234.82,14.32,1.0
Moneyline,ProphetX,NCAAF,92.0,84.0,-115.42,-8.2,1.0
Total Rushing Yards,ProphetX,NCAAF,104.0,111.0,14.98,0.87,1.0
Total Receptions,Betcris,NFL,246.0,287.0,-216.9,-5.09,1.0
Total Receptions,BookMaker,NFL,246.0,287.0,-216.9,-5.09,1.0
Total Receiving Yards,BetMGM,NFL,368.0,308.0,59.65,1.1,1.0
Total Receiving Yards,Borgata,NFL,368.0,308.0,59.65,1.1,1.0
Total Receiving Yards,SportsInteraction,NFL,368.0,308.0,59.65,1.1,1.0
Total Receiving Yards,BetOnline,NFL,201.0,178.0,35.64,1.18,1.0
Total Receptions,Unibet,NFL,340.0,274.0,266.43,5.42,1.0
Total Receptions,BetParx,NFL,340.0,274.0,266.43,5.42,1.0
Total Receptions,NorthStarBetsON,NFL,340.0,274.0,266.43,5.42,1.0
Total Receptions,BetRivers,NFL,296.0,251.0,115.25,2.63,1.0
Total Receptions,SugarHouse,NFL,296.0,251.0,115.25,2.63,1.0
Total Receptions,DraftKings,NFL,380.0,325.0,3.04,0.05,1.0
Total Receiving Yards,DraftKings,NFL,224.0,201.0,-55.13,-1.62,1.0
Total Receiving Yards,Fanatics,NFL,263.0,236.0,-89.55,-2.24,1.0
Total Receptions,FanDuel,NFL,253.0,229.0,-115.15,-2.99,1.0
Total Receiving Yards,HardRockNJ,NFL,341.0,287.0,112.64,2.24,1.0
Total Rushing Yards,HardRock,NFL,234.0,206.0,89.25,2.54,1.0
Total Rushing Yards,NoVig,NFL,279.0,319.0,-223.12,-4.66,1.0
Total Receptions,OnyxOdds,NFL,257.0,260.0,-320.79,-7.76,1.0
Total Receiving Yards,OnyxOdds,NFL,209.0,174.0,46.12,1.51,1.0
Total Receiving Yards,PointsBet,NFL,361.0,275.0,217.03,4.27,1.0
Total Receiving Yards,ProphetX,NFL,223.0,243.0,-154.12,-4.13,1.0
Total Receptions,STNSports,NFL,303.0,278.0,-155.73,-3.35,1.0
Total Receptions,TheScore,NFL,335.0,333.0,-261.75,-4.9,1.0
Total Points,Bally,NHL,282.0,267.0,97.67,2.22,1.0
Total Shots on Goal,Bally,NHL,156.0,143.0,174.98,7.32,1.0
Total Shots on Goal,Betcris,NHL,161.0,136.0,348.68,14.68,1.0
Total Shots on Goal,BookMaker,NHL,161.0,136.0,348.68,14.68,1.0
Total Points,BetMGM,NHL,203.0,212.0,-134.86,-4.06,1.0
Total Points,Borgata,NHL,203.0,212.0,-134.86,-4.06,1.0
Total Points,SportsInteraction,NHL,203.0,212.0,-134.86,-4.06,1.0
Total Shots on Goal,BetMGM,NHL,285.0,260.0,104.75,2.4,1.0
Total Shots on Goal,Borgata,NHL,285.0,260.0,104.75,2.4,1.0
Total Shots on Goal,SportsInteraction,NHL,285.0,260.0,104.75,2.4,1.0
Total Shots on Goal,BetOnline,NHL,224.0,235.0,19.68,0.54,1.0
Total Points,Fanatics,NHL,147.0,143.0,-71.01,-3.06,1.0
Total Points,HardRockNJ,NHL,189.0,181.0,9.4,0.32,1.0
Total Points,HardRock,NHL,200.0,196.0,-18.6,-0.59,1.0
Total Points,STNSports,NHL,279.0,263.0,25.54,0.59,1.0
Total Points,TheScore,NHL,300.0,258.0,55.37,1.24,1.0
Points + Rebounds + Assists,NoVig,WNBA,194.0,213.0,-16.85,-0.52,1.0
3-Pointers,NoVig,WNBA,319.0,262.0,424.26,9.13,1.0
Points,ProphetX,WNBA,301.0,329.0,73.5,1.46,1.0
Rebounds,TheScore,WNBA,177.0,235.0,-250.15,-7.59,1.0
Run Line,Bally,MLB,26.0,23.0,29.9,7.63,1.0
Total Hits,Bally,MLB,5.0,5.0,-4.33,-5.41,1.0
Total Strikeouts,Bally,MLB,12.0,5.0,60.48,44.47,1.0
Total Runs,Bally,MLB,38.0,29.0,66.56,12.42,1.0
Total Player Runs,Bally,MLB,75.0,92.0,251.18,18.8,1.0
Moneyline,Bally,MLB,41.0,38.0,24.4,3.86,1.0
Run Line,Bet365,MLB,27.0,22.0,27.81,7.09,1.0
Total Runs,Bet365,MLB,15.0,22.0,-53.58,-18.1,1.0
Moneyline,Bet365,MLB,9.0,6.0,22.6,18.84,1.0
Run Line,Betcris,MLB,23.0,25.0,3.6,0.94,1.0
Run Line,BookMaker,MLB,23.0,25.0,3.6,0.94,1.0
Total Hits Allowed,Betcris,MLB,61.0,73.0,-52.42,-4.89,1.0
Total Hits Allowed,BookMaker,MLB,61.0,73.0,-52.42,-4.89,1.0
Total Runs,Betcris,MLB,94.0,85.0,124.39,8.69,1.0
Total Runs,BookMaker,MLB,94.0,85.0,124.39,8.69,1.0
Run Line,BetMGM,MLB,81.0,60.0,160.65,14.24,1.0
Run Line,Borgata,MLB,81.0,60.0,160.65,14.24,1.0
Run Line,SportsInteraction,MLB,81.0,60.0,160.65,14.24,1.0
Total Doubles,BetMGM,MLB,50.0,46.0,6.7,0.87,1.0
Total Doubles,Borgata,MLB,50.0,46.0,6.7,0.87,1.0
Total Doubles,SportsInteraction,MLB,50.0,46.0,6.7,0.87,1.0
Total Hits Allowed,BetMGM,MLB,15.0,15.0,-4.26,-1.77,1.0
Total Hits Allowed,Borgata,MLB,15.0,15.0,-4.26,-1.77,1.0
Total Hits Allowed,SportsInteraction,MLB,15.0,15.0,-4.26,-1.77,1.0
Hits + Runs + RBIs,BetMGM,MLB,131.0,144.0,-66.95,-3.04,1.0
Hits + Runs + RBIs,Borgata,MLB,131.0,144.0,-66.95,-3.04,1.0
Hits + Runs + RBIs,SportsInteraction,MLB,131.0,144.0,-66.95,-3.04,1.0
Total Earned Runs,BetMGM,MLB,62.0,51.0,10.65,1.18,1.0
Total Earned Runs,Borgata,MLB,62.0,51.0,10.65,1.18,1.0
Total Earned Runs,SportsInteraction,MLB,62.0,51.0,10.65,1.18,1.0
Total Bases,BetMGM,MLB,71.0,74.0,42.78,3.69,1.0
Total Bases,Borgata,MLB,71.0,74.0,42.78,3.69,1.0
Total Bases,SportsInteraction,MLB,71.0,74.0,42.78,3.69,1.0
Total Runs,BetMGM,MLB,35.0,22.0,129.15,28.32,1.0
Total Runs,Borgata,MLB,35.0,22.0,129.15,28.32,1.0
Total Runs,SportsInteraction,MLB,35.0,22.0,129.15,28.32,1.0
Moneyline,BetMGM,MLB,95.0,102.0,-64.78,-4.11,1.0
Moneyline,Borgata,MLB,95.0,102.0,-64.78,-4.11,1.0
Moneyline,SportsInteraction,MLB,95.0,102.0,-64.78,-4.11,1.0
Total Hits Allowed,BetOnline,MLB,53.0,61.0,-13.54,-1.48,1.0
Total Earned Runs,BetOnline,MLB,105.0,89.0,76.88,4.95,1.0
Total Strikeouts,BetOnline,MLB,85.0,114.0,-175.27,-11.01,1.0
Run Line,Unibet,MLB,29.0,19.0,87.56,22.8,1.0
Run Line,BetParx,MLB,29.0,19.0,87.56,22.8,1.0
Run Line,NorthStarBetsON,MLB,29.0,19.0,87.56,22.8,1.0
Total Runs,Unibet,MLB,29.0,28.0,-0.89,-0.2,1.0
Total Runs,BetParx,MLB,29.0,28.0,-0.89,-0.2,1.0
Total Runs,NorthStarBetsON,MLB,29.0,28.0,-0.89,-0.2,1.0
Moneyline,Unibet,MLB,47.0,49.0,-31.03,-4.04,1.0
Moneyline,BetParx,MLB,47.0,49.0,-31.03,-4.04,1.0
Moneyline,NorthStarBetsON,MLB,47.0,49.0,-31.03,-4.04,1.0
Run Line,BetRivers,MLB,29.0,19.0,87.56,22.8,1.0
Run Line,SugarHouse,MLB,29.0,19.0,87.56,22.8,1.0
Total Runs,BetRivers,MLB,29.0,28.0,-0.89,-0.2,1.0
Total Runs,SugarHouse,MLB,29.0,28.0,-0.89,-0.2,1.0
Moneyline,BetRivers,MLB,47.0,49.0,-31.03,-4.04,1.0
Moneyline,SugarHouse,MLB,47.0,49.0,-31.03,-4.04,1.0
Run Line,Bovada,MLB,7.0,6.0,4.94,4.75,1.0
Total Singles,Bovada,MLB,12.0,22.0,-26.89,-9.89,1.0
Total Doubles,Bovada,MLB,5.0,58.0,-290.0,-57.54,1.0
Total Hits Allowed,Bovada,MLB,13.0,10.0,46.22,25.12,1.0
Total Earned Runs,Bovada,MLB,14.0,16.0,-18.52,-7.71,1.0
Total Bases,Bovada,MLB,73.0,78.0,46.21,3.83,1.0
Total Strikeouts,Bovada,MLB,76.0,91.0,-69.09,-5.17,1.0
Total Runs,Bovada,MLB,4.0,5.0,-8.76,-12.17,1.0
Total Home Runs,Bovada,MLB,2.0,18.0,-41.6,-26.0,1.0
Moneyline,Bovada,MLB,5.0,4.0,3.31,4.6,1.0
Run Line,Caesars,MLB,20.0,5.0,157.08,78.54,1.0
Total Singles,Caesars,MLB,68.0,76.0,-92.95,-8.07,1.0
Total Doubles,Caesars,MLB,9.0,72.0,-271.24,-41.86,1.0
Total Hits Allowed,Caesars,MLB,9.0,9.0,-1.34,-0.93,1.0
Hits + Runs + RBIs,Caesars,MLB,30.0,25.0,92.43,21.01,1.0
Total Earned Runs,Caesars,MLB,7.0,10.0,-28.71,-21.11,1.0
Total Strikeouts,Caesars,MLB,117.0,111.0,40.48,2.22,1.0
Total Runs,Caesars,MLB,11.0,9.0,18.82,11.76,1.0
Total Home Runs,Caesars,MLB,7.0,30.0,267.2,90.27,1.0
Moneyline,Caesars,MLB,6.0,9.0,-26.44,-22.04,1.0
Run Line,Circa,MLB,2.0,4.0,-11.2,-23.33,1.0
Total Hits,Circa,MLB,65.0,115.0,-152.49,-10.59,1.0
Total Bases,Circa,MLB,5.0,11.0,-46.53,-36.35,1.0
Total Strikeouts,Circa,MLB,109.0,119.0,51.09,2.8,1.0
Total Runs,Circa,MLB,4.0,4.0,2.0,3.13,1.0
Total Player Runs,Circa,MLB,4.0,4.0,-5.62,-8.79,1.0
Total Home Runs,Circa,MLB,23.0,27.0,130.67,32.67,1.0
Moneyline,Circa,MLB,5.0,2.0,20.38,36.4,1.0
Run Line,CoolBet,MLB,13.0,10.0,18.91,10.28,1.0
Total Doubles,CoolBet,MLB,2.0,52.0,-332.99,-77.08,1.0
Total Hits Allowed,CoolBet,MLB,25.0,35.0,-81.68,-17.02,1.0
Hits + Runs + RBIs,CoolBet,MLB,42.0,47.0,10.29,1.45,1.0
Total Earned Runs,CoolBet,MLB,64.0,58.0,-3.07,-0.31,1.0
Total Strikeouts,CoolBet,MLB,104.0,135.0,-226.44,-11.84,1.0
Total Runs,CoolBet,MLB,9.0,6.0,22.5,18.75,1.0
Total Home Runs,CoolBet,MLB,53.0,160.0,-48.24,-2.83,1.0
Moneyline,CoolBet,MLB,5.0,5.0,-10.89,-13.62,1.0
Run Line,DraftKings,MLB,7.0,1.0,56.42,88.15,1.0
Total Hits Allowed,DraftKings,MLB,54.0,57.0,-25.18,-2.84,1.0
Total Earned Runs,DraftKings,MLB,15.0,16.0,-4.42,-1.78,1.0
Total Runs,DraftKings,MLB,4.0,4.0,-0.24,-0.37,1.0
Moneyline,DraftKings,MLB,4.0,4.0,0.33,0.52,1.0
Run Line,Fanatics,MLB,35.0,29.0,42.05,8.21,1.0
Total Doubles,Fanatics,MLB,20.0,79.0,-151.54,-19.13,1.0
Total Hits Allowed,Fanatics,MLB,21.0,17.0,29.1,9.57,1.0
Hits + Runs + RBIs,Fanatics,MLB,123.0,116.0,88.83,4.65,1.0
Total Earned Runs,Fanatics,MLB,71.0,48.0,99.66,10.47,1.0
Total Runs,Fanatics,MLB,10.0,12.0,-16.71,-9.49,1.0
Moneyline,Fanatics,MLB,22.0,15.0,40.48,13.68,1.0
Run Line,FanDuel,MLB,12.0,12.0,4.58,2.39,1.0
Total Singles,FanDuel,MLB,86.0,120.0,-44.63,-2.71,1.0
Total Hits,FanDuel,MLB,58.0,55.0,-100.25,-11.09,1.0
Total Runs,FanDuel,MLB,9.0,4.0,38.32,36.85,1.0
Moneyline,FanDuel,MLB,12.0,12.0,-12.41,-6.46,1.0
Run Line,Fliff,MLB,11.0,7.0,26.84,18.64,1.0
Total Singles,Fliff,MLB,100.0,96.0,12.87,0.82,1.0
Total Doubles,Fliff,MLB,15.0,49.0,-217.22,-42.43,1.0
Total Hits Allowed,Fliff,MLB,11.0,11.0,-10.95,-6.22,1.0
Hits + Runs + RBIs,Fliff,MLB,47.0,42.0,62.95,8.84,1.0
Total Earned Runs,Fliff,MLB,27.0,23.0,-6.24,-1.56,1.0
Total Strikeouts,Fliff,MLB,109.0,97.0,46.31,2.81,1.0
Total Runs,Fliff,MLB,2.0,1.0,10.46,43.57,1.0
Total Player Runs,Fliff,MLB,90.0,75.0,-27.87,-2.11,1.0
Total Home Runs,Fliff,MLB,33.0,80.0,-215.28,-23.81,1.0
Moneyline,Fliff,MLB,38.0,45.0,-11.53,-1.74,1.0
Run Line,HardRockNJ,MLB,30.0,21.0,32.87,8.06,1.0
Total Hits Allowed,HardRockNJ,MLB,46.0,44.0,-10.61,-1.47,1.0
Total Earned Runs,HardRockNJ,MLB,96.0,78.0,20.86,1.5,1.0
Total Runs,HardRockNJ,MLB,27.0,15.0,101.91,30.33,1.0
Total Home Runs,HardRockNJ,MLB,9.0,62.0,-44.0,-7.75,1.0
Run Line,HardRock,MLB,30.0,21.0,32.87,8.06,1.0
Total Hits Allowed,HardRock,MLB,46.0,44.0,-10.61,-1.47,1.0
Total Earned Runs,HardRock,MLB,96.0,78.0,20.86,1.5,1.0
Total Runs,HardRock,MLB,27.0,15.0,101.91,30.33,1.0
Total Home Runs,HardRock,MLB,9.0,62.0,-44.0,-7.75,1.0
Run Line,Kalshi,MLB,1.0,0.0,7.37,92.16,1.0
Total Runs,Kalshi,MLB,0.0,1.0,-8.0,-100.0,1.0
Moneyline,Kalshi,MLB,0.0,1.0,-8.0,-100.0,1.0
Run Line,NoVig,MLB,97.0,107.0,-41.69,-2.55,1.0
Moneyline,NoVig,MLB,122.0,103.0,130.92,7.27,1.0
Run Line,OnyxOdds,MLB,14.0,4.0,104.65,72.67,1.0
Total Hits Allowed,OnyxOdds,MLB,35.0,36.0,-2.19,-0.39,1.0
Total Runs,OnyxOdds,MLB,7.0,4.0,22.96,26.09,1.0
Moneyline,OnyxOdds,MLB,5.0,5.0,-1.43,-1.79,1.0
Run Line,Pinnacle,MLB,24.0,22.0,39.81,10.82,1.0
Total Hits Allowed,Pinnacle,MLB,59.0,55.0,75.81,8.31,1.0
Total Earned Runs,Pinnacle,MLB,3.0,0.0,23.39,97.45,1.0
Total Runs,Pinnacle,MLB,23.0,29.0,-47.27,-11.36,1.0
Moneyline,Pinnacle,MLB,12.0,16.0,-45.64,-20.38,1.0
Run Line,PointsBet,MLB,50.0,33.0,112.88,17.0,1.0
Total Runs,PointsBet,MLB,9.0,6.0,20.13,16.78,1.0
Moneyline,PointsBet,MLB,14.0,17.0,-19.9,-8.03,1.0
Run Line,Polymarket,MLB,1.0,1.0,-3.51,-21.91,1.0
Total Runs,Polymarket,MLB,1.0,4.0,-22.64,-56.6,1.0
Moneyline,Polymarket,MLB,3.0,7.0,-28.87,-36.09,1.0
Total Singles,ProphetX,MLB,43.0,26.0,92.55,16.77,1.0
Total Doubles,ProphetX,MLB,77.0,153.0,-65.19,-3.54,1.0
Total Hits Allowed,ProphetX,MLB,36.0,44.0,-33.61,-5.25,1.0
Run Line,Rebet,MLB,3.0,2.0,4.96,12.39,1.0
Total Hits,Rebet,MLB,4.0,9.0,-41.96,-40.35,1.0
Total Bases,Rebet,MLB,102.0,80.0,-5.7,-0.39,1.0
Total Strikeouts,Rebet,MLB,63.0,64.0,-51.84,-5.1,1.0
Total Runs,Rebet,MLB,4.0,5.0,-9.35,-12.99,1.0
Total Home Runs,Rebet,MLB,0.0,4.0,-32.0,-100.0,1.0
Moneyline,Rebet,MLB,8.0,12.0,-20.66,-12.91,1.0
Total Doubles,STNSports,MLB,1.0,46.0,-315.07,-83.79,1.0
Total Hits Allowed,STNSports,MLB,30.0,43.0,-122.55,-20.98,1.0
Hits + Runs + RBIs,STNSports,MLB,43.0,49.0,-2.43,-0.33,1.0
Total Earned Runs,STNSports,MLB,112.0,91.0,109.68,6.75,1.0
Total Strikeouts,STNSports,MLB,118.0,154.0,-253.67,-11.66,1.0
Total Runs,STNSports,MLB,19.0,10.0,67.54,29.11,1.0
Total Home Runs,STNSports,MLB,53.0,179.0,-140.0,-7.54,1.0
Moneyline,STNSports,MLB,31.0,27.0,60.05,12.94,1.0
Run Line,TheScore,MLB,35.0,31.0,41.47,7.85,1.0
Total Doubles,TheScore,MLB,11.0,20.0,-8.59,-3.47,1.0
Hits + Runs + RBIs,TheScore,MLB,59.0,50.0,64.82,7.43,1.0
Total Earned Runs,TheScore,MLB,53.0,34.0,94.83,13.62,1.0
Total Runs,TheScore,MLB,34.0,33.0,22.28,4.16,1.0
Moneyline,TheScore,MLB,7.0,13.0,-49.93,-31.2,1.0
Points,Bally,NBA,188.0,160.0,37.23,1.34,1.0
Rebounds + Assists,Bally,NBA,23.0,22.0,-13.91,-3.86,1.0
Points + Rebounds + Assists,Bally,NBA,24.0,31.0,-77.68,-17.65,1.0
Steals,Bally,NBA,11.0,14.0,-28.6,-14.3,1.0
Moneyline,Bally,NBA,64.0,41.0,42.01,5.0,1.0
Points + Assists,Bally,NBA,0.0,5.0,-40.0,-100.0,1.0
Assists,Bally,NBA,100.0,86.0,-2.03,-0.14,1.0
Points + Rebounds,Bally,NBA,10.0,11.0,-20.21,-12.03,1.0
Rebounds,Bally,NBA,367.0,307.0,-272.01,-5.04,1.0
3-Pointers,Bally,NBA,65.0,68.0,17.94,1.69,1.0
Moneyline,Bet365,NBA,34.0,20.0,236.36,54.71,1.0
Point Spread,Bet365,NBA,0.0,1.0,-8.0,-100.0,1.0
Points + Rebounds + Assists,Betcris,NBA,109.0,95.0,47.17,2.89,1.0
Points + Rebounds + Assists,BookMaker,NBA,109.0,95.0,47.17,2.89,1.0
Total,Betcris,NBA,0.0,1.0,-8.0,-100.0,1.0
Total,BookMaker,NBA,0.0,1.0,-8.0,-100.0,1.0
Team Total,Betcris,NBA,9.0,7.0,20.15,15.74,1.0
Team Total,BookMaker,NBA,9.0,7.0,20.15,15.74,1.0
Moneyline,Betcris,NBA,75.0,39.0,295.65,32.42,1.0
Moneyline,BookMaker,NBA,75.0,39.0,295.65,32.42,1.0
Point Spread,Betcris,NBA,2.0,1.0,8.88,37.0,1.0
Point Spread,BookMaker,NBA,2.0,1.0,8.88,37.0,1.0
Steals,BetMGM,NBA,42.0,32.0,54.15,9.15,1.0
Steals,Borgata,NBA,42.0,32.0,54.15,9.15,1.0
Steals,SportsInteraction,NBA,42.0,32.0,54.15,9.15,1.0
Moneyline,BetMGM,NBA,12.0,18.0,-27.62,-11.51,1.0
Moneyline,Borgata,NBA,12.0,18.0,-27.62,-11.51,1.0
Moneyline,SportsInteraction,NBA,12.0,18.0,-27.62,-11.51,1.0
Points + Assists,BetMGM,NBA,333.0,336.0,-159.33,-2.98,1.0
Points + Assists,Borgata,NBA,333.0,336.0,-159.33,-2.98,1.0
Points + Assists,SportsInteraction,NBA,333.0,336.0,-159.33,-2.98,1.0
Steals,Unibet,NBA,170.0,101.0,419.42,19.35,1.0
Steals,BetParx,NBA,170.0,101.0,419.42,19.35,1.0
Steals,NorthStarBetsON,NBA,170.0,101.0,419.42,19.35,1.0
Moneyline,Unibet,NBA,124.0,76.0,21.76,1.36,1.0
Moneyline,BetParx,NBA,124.0,76.0,21.76,1.36,1.0
Moneyline,NorthStarBetsON,NBA,124.0,76.0,21.76,1.36,1.0
Points + Assists,Unibet,NBA,223.0,222.0,-107.47,-3.02,1.0
Points + Assists,BetParx,NBA,223.0,222.0,-107.47,-3.02,1.0
Points + Assists,NorthStarBetsON,NBA,223.0,222.0,-107.47,-3.02,1.0
Blocks,Betr,NBA,18.0,6.0,70.03,36.48,1.0
Points,Betr,NBA,318.0,229.0,208.01,4.75,1.0
Rebounds + Assists,Betr,NBA,105.0,83.0,24.52,1.63,1.0
Points + Rebounds + Assists,Betr,NBA,160.0,112.0,132.61,6.09,1.0
Steals,Betr,NBA,21.0,15.0,17.7,6.15,1.0
Points + Assists,Betr,NBA,2.0,0.0,13.11,81.97,1.0
Assists,Betr,NBA,102.0,84.0,-12.15,-0.82,1.0
Steals + Blocks,Betr,NBA,3.0,4.0,-12.33,-22.01,1.0
Points + Rebounds,Betr,NBA,2.0,1.0,5.11,21.31,1.0
Rebounds,Betr,NBA,257.0,166.0,349.58,10.33,1.0
3-Pointers,Betr,NBA,112.0,90.0,14.43,0.89,1.0
Moneyline,BetRivers,NBA,123.0,76.0,17.1,1.07,1.0
Moneyline,SugarHouse,NBA,123.0,76.0,17.1,1.07,1.0
Rebounds + Assists,Bovada,NBA,128.0,110.0,74.88,3.93,1.0
Moneyline,Bovada,NBA,16.0,10.0,31.72,15.25,1.0
Rebounds + Assists,Caesars,NBA,374.0,304.0,353.3,6.51,1.0
Team Total,Caesars,NBA,1.0,0.0,8.8,110.0,1.0
Moneyline,Caesars,NBA,19.0,16.0,97.14,34.69,1.0
Points + Assists,Caesars,NBA,95.0,91.0,-5.53,-0.37,1.0
Points + Rebounds,Caesars,NBA,350.0,324.0,-118.62,-2.2,1.0
Point Spread,Caesars,NBA,1.0,0.0,8.4,105.0,1.0
Points + Rebounds + Assists,Circa,NBA,1.0,0.0,8.8,110.0,1.0
Moneyline,Circa,NBA,10.0,7.0,13.13,9.66,1.0
Assists,Circa,NBA,120.0,121.0,-3.71,-0.19,1.0
Points + Rebounds,Circa,NBA,0.0,2.0,-16.0,-100.0,1.0
Rebounds,Circa,NBA,231.0,173.0,240.73,7.45,1.0
3-Pointers,Circa,NBA,234.0,208.0,71.47,2.02,1.0
Steals,CoolBet,NBA,76.0,48.0,190.85,19.24,1.0
Total,CoolBet,NBA,0.0,1.0,-8.0,-100.0,1.0
Team Total,CoolBet,NBA,5.0,3.0,17.73,27.7,1.0
Moneyline,CoolBet,NBA,34.0,19.0,93.9,22.15,1.0
Blocks,Dabble,NBA,7.0,6.0,-2.1,-2.02,1.0
Points,Dabble,NBA,348.0,251.0,260.93,5.45,1.0
Rebounds + Assists,Dabble,NBA,101.0,77.0,48.14,3.38,1.0
Points + Rebounds + Assists,Dabble,NBA,167.0,104.0,251.71,11.61,1.0
Steals,Dabble,NBA,7.0,6.0,-2.1,-2.02,1.0
Total Double Doubles,Dabble,NBA,3.0,3.0,-4.33,-9.02,1.0
Points + Assists,Dabble,NBA,1.0,4.0,-25.44,-63.61,1.0
Assists,Dabble,NBA,240.0,174.0,182.69,5.52,1.0
Steals + Blocks,Dabble,NBA,2.0,2.0,-2.89,-9.02,1.0
Points + Rebounds,Dabble,NBA,2.0,1.0,5.11,21.31,1.0
3-Pointers,Dabble,NBA,180.0,133.0,120.16,4.8,1.0
Steals,DraftKings,NBA,94.0,68.0,99.12,7.65,1.0
Team Total,DraftKings,NBA,2.0,4.0,-16.75,-34.89,1.0
Moneyline,DraftKings,NBA,31.0,20.0,109.48,26.83,1.0
Points + Assists,DraftKings,NBA,211.0,207.0,-82.05,-2.45,1.0
Point Spread,DraftKings,NBA,0.0,1.0,-8.0,-100.0,1.0
Points,ESPNBet,NBA,21.0,15.0,7.8,2.71,1.0
Rebounds + Assists,ESPNBet,NBA,6.0,7.0,-9.18,-8.83,1.0
Points + Rebounds + Assists,ESPNBet,NBA,16.0,12.0,20.42,9.12,1.0
Assists,ESPNBet,NBA,19.0,7.0,70.45,33.87,1.0
Rebounds,ESPNBet,NBA,40.0,20.0,46.39,9.66,1.0
3-Pointers,ESPNBet,NBA,15.0,13.0,-13.96,-6.23,1.0
Steals,Fanatics,NBA,8.0,5.0,36.12,34.73,1.0
Team Total,Fanatics,NBA,1.0,0.0,7.27,90.91,1.0
Moneyline,Fanatics,NBA,33.0,18.0,143.58,35.19,1.0
Points + Assists,Fanatics,NBA,85.0,113.0,-276.13,-17.43,1.0
Rebounds + Assists,FanDuel,NBA,282.0,220.0,383.01,9.54,1.0
Steals,FanDuel,NBA,62.0,41.0,175.18,21.26,1.0
Team Total,FanDuel,NBA,0.0,1.0,-8.0,-100.0,1.0
Moneyline,FanDuel,NBA,22.0,25.0,-85.06,-22.62,1.0
Points + Assists,FanDuel,NBA,19.0,23.0,-35.8,-10.65,1.0
Points + Rebounds,FanDuel,NBA,205.0,178.0,33.15,1.08,1.0
Points,Fliff,NBA,354.0,291.0,-132.06,-2.56,1.0
Points + Rebounds + Assists,Fliff,NBA,49.0,37.0,50.08,7.28,1.0
Steals,Fliff,NBA,5.0,1.0,33.28,69.33,1.0
Moneyline,Fliff,NBA,21.0,14.0,-1.76,-0.63,1.0
Points + Assists,Fliff,NBA,4.0,1.0,20.77,51.94,1.0
Assists,Fliff,NBA,288.0,194.0,59.54,1.54,1.0
Points + Rebounds,Fliff,NBA,20.0,19.0,-12.97,-4.16,1.0
3-Pointers,Fliff,NBA,365.0,238.0,308.0,6.38,1.0
Rebounds + Assists,HardRockNJ,NBA,255.0,216.0,188.29,5.0,1.0
Team Total,HardRockNJ,NBA,1.0,1.0,-0.73,-4.55,1.0
Moneyline,HardRockNJ,NBA,43.0,34.0,-48.89,-7.94,1.0
Steals,HardRock,NBA,27.0,32.0,-13.86,-2.94,1.0
Team Total,HardRock,NBA,1.0,1.0,-0.73,-4.55,1.0
Moneyline,HardRock,NBA,43.0,34.0,-48.89,-7.94,1.0
Points,Kalshi,NBA,3.0,15.0,-93.44,-64.89,1.0
Moneyline,Kalshi,NBA,9.0,3.0,3.06,3.18,1.0
Assists,Kalshi,NBA,1.0,1.0,-1.98,-12.41,1.0
Rebounds,Kalshi,NBA,3.0,2.0,2.46,6.14,1.0
Point Spread,Kalshi,NBA,0.0,1.0,-8.0,-100.0,1.0
3-Pointers,Kalshi,NBA,0.0,2.0,-16.0,-100.0,1.0
Rebounds + Assists,NoVig,NBA,309.0,314.0,-35.7,-0.72,1.0
Steals,NoVig,NBA,85.0,77.0,-81.61,-6.3,1.0
Total,NoVig,NBA,29.0,25.0,48.15,11.15,1.0
Team Total,NoVig,NBA,0.0,3.0,-24.0,-100.0,1.0
Moneyline,NoVig,NBA,122.0,86.0,192.27,11.55,1.0
Points + Assists,NoVig,NBA,119.0,116.0,97.31,5.18,1.0
Points + Rebounds,NoVig,NBA,258.0,267.0,43.69,1.04,1.0
Point Spread,NoVig,NBA,54.0,50.0,59.3,7.13,1.0
Steals,OnyxOdds,NBA,85.0,65.0,82.14,6.85,1.0
Team Total,OnyxOdds,NBA,1.0,0.0,7.84,98.04,1.0
Moneyline,OnyxOdds,NBA,35.0,22.0,71.44,15.67,1.0
Points + Assists,OnyxOdds,NBA,238.0,236.0,-101.75,-2.68,1.0
Blocks,Pick6,NBA,2.0,0.0,13.11,81.97,1.0
Points,Pick6,NBA,347.0,238.0,258.21,5.52,1.0
Rebounds + Assists,Pick6,NBA,6.0,10.0,-40.66,-31.76,1.0
Points + Rebounds + Assists,Pick6,NBA,140.0,428.0,-894.72,-19.69,1.0
Points + Assists,Pick6,NBA,0.0,1.0,-8.0,-100.0,1.0
Assists,Pick6,NBA,13.0,9.0,51.11,29.04,1.0
Points + Rebounds,Pick6,NBA,1.0,0.0,6.56,81.97,1.0
Rebounds,Pick6,NBA,72.0,38.0,153.97,17.5,1.0
3-Pointers,Pick6,NBA,26.0,19.0,26.29,7.3,1.0
Total,Pinnacle,NBA,9.0,7.0,15.23,11.9,1.0
Team Total,Pinnacle,NBA,82.0,89.0,-40.05,-2.93,1.0
Moneyline,Pinnacle,NBA,107.0,87.0,-76.94,-4.96,1.0
Point Spread,Pinnacle,NBA,7.0,7.0,0.72,0.64,1.0
Steals,PointsBet,NBA,7.0,3.0,27.76,34.7,1.0
Moneyline,PointsBet,NBA,35.0,26.0,108.73,22.28,1.0
Total,Polymarket,NBA,14.0,6.0,64.07,40.05,1.0
Moneyline,Polymarket,NBA,74.0,58.0,47.77,4.52,1.0
Point Spread,Polymarket,NBA,10.0,5.0,44.38,36.98,1.0
Turnovers,PrizePicks,NBA,5.0,2.0,16.79,29.98,1.0
Blocks,PrizePicks,NBA,40.0,34.0,-9.7,-1.64,1.0
Rebounds + Assists,PrizePicks,NBA,272.0,216.0,41.45,1.06,1.0
Steals,PrizePicks,NBA,38.0,38.0,-54.82,-9.02,1.0
Points + Assists,PrizePicks,NBA,6.0,4.0,7.34,9.18,1.0
Steals + Blocks,PrizePicks,NBA,15.0,20.0,-61.64,-22.01,1.0
Points + Rebounds,PrizePicks,NBA,15.0,7.0,42.36,24.07,1.0
3-Pointers,PrizePicks,NBA,256.0,207.0,22.69,0.61,1.0
Rebounds + Assists,ProphetX,NBA,89.0,109.0,-49.67,-3.14,1.0
Steals,ProphetX,NBA,48.0,34.0,44.93,6.85,1.0
Total,ProphetX,NBA,34.0,24.0,94.6,20.39,1.0
Moneyline,ProphetX,NBA,205.0,143.0,78.26,2.81,1.0
Points + Assists,ProphetX,NBA,172.0,154.0,145.82,5.59,1.0
Point Spread,ProphetX,NBA,83.0,88.0,-3.35,-0.24,1.0
Steals,Rebet,NBA,2.0,0.0,16.49,103.09,1.0
Moneyline,Rebet,NBA,14.0,17.0,-23.22,-9.36,1.0
3-Pointers,Rebet,NBA,152.0,93.0,16.57,0.85,1.0
Blocks,Sleeper,NBA,4.0,3.0,5.79,10.35,1.0
Points,Sleeper,NBA,154.0,111.0,27.12,1.28,1.0
Rebounds + Assists,Sleeper,NBA,16.0,21.0,-34.5,-11.65,1.0
Steals,Sleeper,NBA,4.0,2.0,21.84,45.5,1.0
Points + Assists,Sleeper,NBA,2.0,1.0,6.19,25.78,1.0
Assists,Sleeper,NBA,130.0,78.0,35.42,2.13,1.0
Points + Rebounds,Sleeper,NBA,2.0,2.0,-1.25,-3.92,1.0
Rebounds,Sleeper,NBA,324.0,206.0,-20.53,-0.48,1.0
Steals,STNSports,NBA,76.0,50.0,163.3,16.2,1.0
Team Total,STNSports,NBA,9.0,3.0,52.24,54.41,1.0
Moneyline,STNSports,NBA,57.0,56.0,43.83,4.85,1.0
Steals,TheScore,NBA,7.0,5.0,16.38,17.07,1.0
Total,TheScore,NBA,1.0,1.0,-0.52,-3.27,1.0
Moneyline,TheScore,NBA,37.0,27.0,64.52,12.6,1.0
Points + Assists,TheScore,NBA,330.0,334.0,-182.31,-3.43,1.0
Turnovers,Underdog,NBA,4.0,1.0,19.84,49.6,1.0
Blocks,Underdog,NBA,10.0,11.0,-22.91,-13.64,1.0
Rebounds + Assists,Underdog,NBA,147.0,118.0,14.23,0.67,1.0
Points + Rebounds + Assists,Underdog,NBA,351.0,286.0,-25.86,-0.51,1.0
Steals,Underdog,NBA,17.0,24.0,-75.87,-23.13,1.0
Total Double Doubles,Underdog,NBA,8.0,3.0,24.08,27.37,1.0
Points + Assists,Underdog,NBA,2.0,0.0,13.11,81.97,1.0
Steals + Blocks,Underdog,NBA,4.0,4.0,-5.77,-9.02,1.0
Points + Rebounds,Underdog,NBA,7.0,3.0,21.9,27.38,1.0
3-Pointers,Underdog,NBA,326.0,228.0,59.2,1.34,1.0
Moneyline,Bally,NCAAB,71.0,40.0,7.51,0.85,1.0
Point Spread,Bally,NCAAB,1.0,0.0,8.16,102.0,1.0
Moneyline,Bet365,NCAAB,39.0,24.0,31.7,6.29,1.0
Total,Betcris,NCAAB,12.0,11.0,17.17,9.33,1.0
Total,BookMaker,NCAAB,12.0,11.0,17.17,9.33,1.0
Moneyline,Betcris,NCAAB,73.0,76.0,65.74,5.52,1.0
Moneyline,BookMaker,NCAAB,73.0,76.0,65.74,5.52,1.0
Point Spread,Betcris,NCAAB,5.0,8.0,-20.1,-19.32,1.0
Point Spread,BookMaker,NCAAB,5.0,8.0,-20.1,-19.32,1.0
3-Pointers,BetMGM,NCAAB,94.0,87.0,131.01,9.05,1.0
3-Pointers,Borgata,NCAAB,94.0,87.0,131.01,9.05,1.0
3-Pointers,SportsInteraction,NCAAB,94.0,87.0,131.01,9.05,1.0
Moneyline,BetMGM,NCAAB,53.0,35.0,-12.22,-1.74,1.0
Moneyline,Borgata,NCAAB,53.0,35.0,-12.22,-1.74,1.0
Moneyline,SportsInteraction,NCAAB,53.0,35.0,-12.22,-1.74,1.0
3-Pointers,BetOnline,NCAAB,12.0,17.0,-15.07,-6.5,1.0
Assists,BetOnline,NCAAB,23.0,38.0,-90.53,-18.55,1.0
Points,BetOnline,NCAAB,41.0,40.0,-28.48,-4.4,1.0
Rebounds,BetOnline,NCAAB,42.0,52.0,-89.18,-11.86,1.0
3-Pointers,Unibet,NCAAB,5.0,4.0,7.3,10.13,1.0
3-Pointers,BetParx,NCAAB,5.0,4.0,7.3,10.13,1.0
3-Pointers,NorthStarBetsON,NCAAB,5.0,4.0,7.3,10.13,1.0
Assists,Unibet,NCAAB,6.0,11.0,-36.83,-27.08,1.0
Assists,BetParx,NCAAB,6.0,11.0,-36.83,-27.08,1.0
Assists,NorthStarBetsON,NCAAB,6.0,11.0,-36.83,-27.08,1.0
Points,Unibet,NCAAB,13.0,19.0,-60.98,-23.82,1.0
Points,BetParx,NCAAB,13.0,19.0,-60.98,-23.82,1.0
Points,NorthStarBetsON,NCAAB,13.0,19.0,-60.98,-23.82,1.0
Point Spread,Unibet,NCAAB,1.0,0.0,8.16,102.0,1.0
Point Spread,BetParx,NCAAB,1.0,0.0,8.16,102.0,1.0
Point Spread,NorthStarBetsON,NCAAB,1.0,0.0,8.16,102.0,1.0
Rebounds,Unibet,NCAAB,25.0,17.0,54.58,16.24,1.0
Rebounds,BetParx,NCAAB,25.0,17.0,54.58,16.24,1.0
Rebounds,NorthStarBetsON,NCAAB,25.0,17.0,54.58,16.24,1.0
Points,Betr,NCAAB,2.0,0.0,13.11,81.97,1.0
3-Pointers,BetRivers,NCAAB,5.0,4.0,7.3,10.13,1.0
3-Pointers,SugarHouse,NCAAB,5.0,4.0,7.3,10.13,1.0
Assists,BetRivers,NCAAB,6.0,11.0,-36.83,-27.08,1.0
Assists,SugarHouse,NCAAB,6.0,11.0,-36.83,-27.08,1.0
Points,BetRivers,NCAAB,13.0,19.0,-60.98,-23.82,1.0
Points,SugarHouse,NCAAB,13.0,19.0,-60.98,-23.82,1.0
Point Spread,BetRivers,NCAAB,1.0,0.0,8.16,102.0,1.0
Point Spread,SugarHouse,NCAAB,1.0,0.0,8.16,102.0,1.0
Rebounds,BetRivers,NCAAB,25.0,17.0,54.58,16.24,1.0
Rebounds,SugarHouse,NCAAB,25.0,17.0,54.58,16.24,1.0
Assists,Bovada,NCAAB,1.0,0.0,6.75,84.39,1.0
Moneyline,Bovada,NCAAB,65.0,48.0,18.44,2.04,1.0
Point Spread,Bovada,NCAAB,0.0,1.0,-8.0,-100.0,1.0
Rebounds,Bovada,NCAAB,2.0,1.0,6.67,27.78,1.0
3-Pointers,Caesars,NCAAB,8.0,8.0,-1.37,-1.07,1.0
Assists,Caesars,NCAAB,49.0,50.0,20.96,2.65,1.0
Total,Caesars,NCAAB,14.0,15.0,-1.14,-0.49,1.0
Team Total,Caesars,NCAAB,14.0,11.0,21.45,10.72,1.0
Points,Caesars,NCAAB,99.0,61.0,229.06,17.9,1.0
Moneyline,Caesars,NCAAB,95.0,98.0,-63.05,-4.08,1.0
Rebounds,Caesars,NCAAB,65.0,58.0,51.4,5.22,1.0
Moneyline,Circa,NCAAB,69.0,104.0,-137.42,-9.93,1.0
Moneyline,CoolBet,NCAAB,1.0,1.0,2.8,17.5,1.0
3-Pointers,Dabble,NCAAB,2.0,1.0,5.11,21.31,1.0
Assists,Dabble,NCAAB,2.0,2.0,-2.89,-9.02,1.0
Points,Dabble,NCAAB,38.0,17.0,113.18,25.72,1.0
Rebounds,Dabble,NCAAB,14.0,9.0,19.8,10.76,1.0
3-Pointers,DraftKings,NCAAB,11.0,10.0,5.35,3.18,1.0
Assists,DraftKings,NCAAB,10.0,17.0,-54.04,-25.02,1.0
Team Total,DraftKings,NCAAB,1.0,0.0,7.62,95.24,1.0
Points,DraftKings,NCAAB,6.0,9.0,-26.07,-21.73,1.0
Moneyline,DraftKings,NCAAB,61.0,57.0,-35.01,-3.71,1.0
Point Spread,DraftKings,NCAAB,1.0,0.0,8.8,110.0,1.0
Rebounds,DraftKings,NCAAB,14.0,14.0,11.68,5.22,1.0
3-Pointers,Fanatics,NCAAB,8.0,7.0,3.4,2.84,1.0
Assists,Fanatics,NCAAB,98.0,109.0,-80.56,-4.87,1.0
Moneyline,Fanatics,NCAAB,28.0,32.0,-128.21,-26.71,1.0
Point Spread,Fanatics,NCAAB,0.0,1.0,-8.0,-100.0,1.0
3-Pointers,FanDuel,NCAAB,16.0,31.0,-121.77,-32.39,1.0
Assists,FanDuel,NCAAB,80.0,87.0,-76.39,-5.72,1.0
Points,FanDuel,NCAAB,90.0,66.0,181.55,14.55,1.0
Moneyline,FanDuel,NCAAB,67.0,61.0,-45.73,-4.47,1.0
Rebounds,FanDuel,NCAAB,87.0,72.0,47.29,3.72,1.0
3-Pointers,Fliff,NCAAB,0.0,1.0,-8.0,-100.0,1.0
Assists,Fliff,NCAAB,8.0,2.0,51.85,64.81,1.0
Points,Fliff,NCAAB,4.0,2.0,10.45,21.78,1.0
Moneyline,Fliff,NCAAB,1.0,1.0,-1.6,-10.0,1.0
Rebounds,Fliff,NCAAB,3.0,2.0,6.51,16.28,1.0
3-Pointers,HardRockNJ,NCAAB,34.0,39.0,-27.17,-4.65,1.0
Assists,HardRockNJ,NCAAB,64.0,48.0,129.2,14.42,1.0
Team Total,HardRockNJ,NCAAB,1.0,2.0,-8.38,-34.92,1.0
Points,HardRockNJ,NCAAB,114.0,75.0,232.51,15.38,1.0
Moneyline,HardRockNJ,NCAAB,21.0,21.0,-49.49,-14.73,1.0
Rebounds,HardRockNJ,NCAAB,47.0,52.0,-70.67,-8.92,1.0
3-Pointers,HardRock,NCAAB,34.0,39.0,-27.17,-4.65,1.0
Assists,HardRock,NCAAB,64.0,48.0,129.2,14.42,1.0
Team Total,HardRock,NCAAB,1.0,2.0,-8.38,-34.92,1.0
Points,HardRock,NCAAB,114.0,75.0,232.51,15.38,1.0
Moneyline,HardRock,NCAAB,26.0,21.0,-8.0,-2.13,1.0
Rebounds,HardRock,NCAAB,47.0,52.0,-70.67,-8.92,1.0
Total,Kalshi,NCAAB,1.0,1.0,1.04,6.5,1.0
Moneyline,Kalshi,NCAAB,11.0,15.0,9.33,4.49,1.0
Point Spread,Kalshi,NCAAB,0.0,1.0,-8.0,-100.0,1.0
Total,NoVig,NCAAB,36.0,29.0,86.17,16.57,1.0
Moneyline,NoVig,NCAAB,64.0,66.0,16.06,1.54,1.0
Point Spread,NoVig,NCAAB,70.0,49.0,217.74,22.87,1.0
3-Pointers,OnyxOdds,NCAAB,6.0,5.0,7.63,8.67,1.0
Assists,OnyxOdds,NCAAB,18.0,64.0,-269.46,-41.08,1.0
Points,OnyxOdds,NCAAB,9.0,16.0,-41.39,-20.69,1.0
Moneyline,OnyxOdds,NCAAB,48.0,36.0,62.69,9.33,1.0
Point Spread,OnyxOdds,NCAAB,2.0,0.0,17.2,107.5,1.0
Rebounds,OnyxOdds,NCAAB,25.0,49.0,-132.82,-22.44,1.0
Assists,Pick6,NCAAB,2.0,2.0,-3.52,-10.99,1.0
Points,Pick6,NCAAB,15.0,7.0,40.47,22.99,1.0
Rebounds,Pick6,NCAAB,0.0,1.0,-8.0,-100.0,1.0
Points,Pinnacle,NCAAB,0.0,1.0,-8.0,-100.0,1.0
Moneyline,Pinnacle,NCAAB,19.0,9.0,30.26,13.51,1.0
Point Spread,Pinnacle,NCAAB,1.0,0.0,7.92,99.01,1.0
3-Pointers,PointsBet,NCAAB,28.0,22.0,56.57,14.14,1.0
Assists,PointsBet,NCAAB,50.0,64.0,-81.02,-8.88,1.0
Team Total,PointsBet,NCAAB,1.0,0.0,7.62,95.24,1.0
Points,PointsBet,NCAAB,81.0,66.0,56.64,4.82,1.0
Moneyline,PointsBet,NCAAB,41.0,40.0,-14.84,-2.29,1.0
Rebounds,PointsBet,NCAAB,76.0,81.0,-9.76,-0.78,1.0
Total,Polymarket,NCAAB,5.0,7.0,-13.36,-13.92,1.0
Point Spread,Polymarket,NCAAB,6.0,10.0,-28.0,-21.88,1.0
3-Pointers,PrizePicks,NCAAB,3.0,2.0,3.67,9.18,1.0
Assists,PrizePicks,NCAAB,7.0,8.0,-18.1,-15.08,1.0
Points,PrizePicks,NCAAB,20.0,15.0,11.15,3.98,1.0
Rebounds,PrizePicks,NCAAB,12.0,6.0,30.69,21.31,1.0
Assists,ProphetX,NCAAB,15.0,19.0,5.1,1.87,1.0
Total,ProphetX,NCAAB,16.0,21.0,-29.05,-9.81,1.0
Points,ProphetX,NCAAB,84.0,104.0,-21.64,-1.44,1.0
Point Spread,ProphetX,NCAAB,54.0,47.0,91.61,11.34,1.0
Rebounds,ProphetX,NCAAB,19.0,28.0,-60.53,-16.1,1.0
3-Pointers,Rebet,NCAAB,9.0,11.0,-9.68,-6.05,1.0
Assists,Rebet,NCAAB,25.0,27.0,2.23,0.54,1.0
Points,Rebet,NCAAB,40.0,32.0,30.04,5.22,1.0
Moneyline,Rebet,NCAAB,20.0,18.0,-18.87,-6.21,1.0
Rebounds,Rebet,NCAAB,41.0,41.0,-20.75,-3.16,1.0
Assists,Sleeper,NCAAB,1.0,3.0,-19.43,-60.71,1.0
Points,Sleeper,NCAAB,11.0,4.0,44.62,37.18,1.0
Rebounds,Sleeper,NCAAB,4.0,4.0,-4.38,-6.84,1.0
Assists,STNSports,NCAAB,6.0,7.0,-10.69,-10.28,1.0
Points,STNSports,NCAAB,27.0,17.0,52.84,15.01,1.0
Moneyline,STNSports,NCAAB,100.0,89.0,113.33,7.5,1.0
Point Spread,STNSports,NCAAB,0.0,1.0,-8.0,-100.0,1.0
Rebounds,STNSports,NCAAB,15.0,10.0,29.82,14.91,1.0
Assists,TheScore,NCAAB,51.0,62.0,-70.35,-7.78,1.0
Team Total,TheScore,NCAAB,6.0,1.0,37.71,67.35,1.0
Points,TheScore,NCAAB,19.0,16.0,11.01,3.93,1.0
Moneyline,TheScore,NCAAB,78.0,99.0,-50.85,-3.59,1.0
Point Spread,TheScore,NCAAB,2.0,3.0,-8.0,-20.0,1.0
Rebounds,TheScore,NCAAB,50.0,52.0,61.85,7.58,1.0
3-Pointers,Underdog,NCAAB,1.0,0.0,6.56,81.97,1.0
Assists,Underdog,NCAAB,4.0,5.0,-14.77,-20.52,1.0
Points,Underdog,NCAAB,25.0,10.0,85.94,30.69,1.0
Rebounds,Underdog,NCAAB,5.0,4.0,-3.57,-4.96,1.0
Moneyline,Bally,NCAAF,9.0,6.0,8.62,7.18,1.0
Total Receiving Yards,Bally,NCAAF,0.0,1.0,-8.0,-100.0,1.0
Total Rushing Yards,Bally,NCAAF,1.0,3.0,-17.28,-53.99,1.0
Team Total,Bally,NCAAF,5.0,1.0,29.72,61.91,1.0
Moneyline,Bet365,NCAAF,0.0,2.0,-16.0,-100.0,1.0
Point Spread,Betcris,NCAAF,2.0,0.0,14.84,92.72,1.0
Point Spread,BookMaker,NCAAF,2.0,0.0,14.84,92.72,1.0
Total,Betcris,NCAAF,1.0,1.0,0.16,1.0,1.0
Total,BookMaker,NCAAF,1.0,1.0,0.16,1.0,1.0
Moneyline,Betcris,NCAAF,31.0,15.0,64.64,17.57,1.0
Moneyline,BookMaker,NCAAF,31.0,15.0,64.64,17.57,1.0
Moneyline,BetMGM,NCAAF,3.0,7.0,-41.45,-51.81,1.0
Moneyline,Borgata,NCAAF,3.0,7.0,-41.45,-51.81,1.0
Moneyline,SportsInteraction,NCAAF,3.0,7.0,-41.45,-51.81,1.0
Total Receiving Yards,BetMGM,NCAAF,50.0,37.0,53.69,7.71,1.0
Total Receiving Yards,Borgata,NCAAF,50.0,37.0,53.69,7.71,1.0
Total Receiving Yards,SportsInteraction,NCAAF,50.0,37.0,53.69,7.71,1.0
Total Rushing Yards,BetMGM,NCAAF,42.0,46.0,-71.28,-10.12,1.0
Total Rushing Yards,Borgata,NCAAF,42.0,46.0,-71.28,-10.12,1.0
Total Rushing Yards,SportsInteraction,NCAAF,42.0,46.0,-71.28,-10.12,1.0
Total Receiving Yards,BetOnline,NCAAF,25.0,20.0,19.43,5.4,1.0
Total Rushing Yards,BetOnline,NCAAF,37.0,37.0,-42.71,-7.22,1.0
Moneyline,Unibet,NCAAF,9.0,5.0,20.76,18.54,1.0
Moneyline,BetParx,NCAAF,9.0,5.0,20.76,18.54,1.0
Moneyline,NorthStarBetsON,NCAAF,9.0,5.0,20.76,18.54,1.0
Total Receiving Yards,Unibet,NCAAF,21.0,6.0,88.11,40.79,1.0
Total Receiving Yards,BetParx,NCAAF,21.0,6.0,88.11,40.79,1.0
Total Receiving Yards,NorthStarBetsON,NCAAF,21.0,6.0,88.11,40.79,1.0
Total Rushing Yards,Unibet,NCAAF,4.0,11.0,-60.93,-50.77,1.0
Total Rushing Yards,BetParx,NCAAF,4.0,11.0,-60.93,-50.77,1.0
Total Rushing Yards,NorthStarBetsON,NCAAF,4.0,11.0,-60.93,-50.77,1.0
Team Total,Unibet,NCAAF,6.0,1.0,37.44,66.85,1.0
Team Total,BetParx,NCAAF,6.0,1.0,37.44,66.85,1.0
Team Total,NorthStarBetsON,NCAAF,6.0,1.0,37.44,66.85,1.0
Total Receiving Yards,Betr,NCAAF,0.0,1.0,-8.0,-100.0,1.0
Total Rushing Yards,Betr,NCAAF,1.0,0.0,6.56,81.97,1.0
Moneyline,BetRivers,NCAAF,9.0,2.0,43.26,49.15,1.0
Moneyline,SugarHouse,NCAAF,9.0,2.0,43.26,49.15,1.0
Total Receiving Yards,BetRivers,NCAAF,15.0,3.0,72.33,50.23,1.0
Total Receiving Yards,SugarHouse,NCAAF,15.0,3.0,72.33,50.23,1.0
Total Rushing Yards,BetRivers,NCAAF,3.0,8.0,-43.82,-49.8,1.0
Total Rushing Yards,SugarHouse,NCAAF,3.0,8.0,-43.82,-49.8,1.0
Team Total,BetRivers,NCAAF,6.0,1.0,37.44,66.85,1.0
Team Total,SugarHouse,NCAAF,6.0,1.0,37.44,66.85,1.0
Point Spread,Bovada,NCAAF,1.0,2.0,-8.0,-33.33,1.0
Moneyline,Bovada,NCAAF,14.0,14.0,5.58,2.49,1.0
Total Receiving Yards,Bovada,NCAAF,29.0,16.0,76.77,21.33,1.0
Total Rushing Yards,Bovada,NCAAF,26.0,19.0,33.38,9.27,1.0
Moneyline,Caesars,NCAAF,1.0,0.0,8.0,100.0,1.0
Total Receiving Yards,Caesars,NCAAF,13.0,4.0,59.91,44.05,1.0
Total Rushing Yards,Caesars,NCAAF,8.0,8.0,-7.55,-5.9,1.0
Moneyline,Circa,NCAAF,4.0,4.0,12.49,19.52,1.0
Total Receiving Yards,Circa,NCAAF,2.0,1.0,5.91,24.64,1.0
Moneyline,CoolBet,NCAAF,1.0,3.0,-20.4,-63.74,1.0
Total Receiving Yards,CoolBet,NCAAF,66.0,30.0,224.44,29.22,1.0
Total Rushing Yards,CoolBet,NCAAF,49.0,30.0,117.99,18.67,1.0
Team Total,CoolBet,NCAAF,7.0,4.0,17.43,19.81,1.0
Total Receiving Yards,Dabble,NCAAF,2.0,2.0,-2.89,-9.02,1.0
Total Rushing Yards,Dabble,NCAAF,12.0,13.0,-25.31,-12.66,1.0
Moneyline,DraftKings,NCAAF,4.0,1.0,7.32,18.3,1.0
Total Receiving Yards,DraftKings,NCAAF,2.0,11.0,-58.43,-56.19,1.0
Total Rushing Yards,DraftKings,NCAAF,2.0,3.0,3.12,7.8,1.0
Team Total,DraftKings,NCAAF,3.0,2.0,5.07,12.67,1.0
Moneyline,Fanatics,NCAAF,2.0,1.0,5.77,24.05,1.0
Total Receiving Yards,Fanatics,NCAAF,8.0,12.0,-39.07,-24.42,1.0
Total Rushing Yards,Fanatics,NCAAF,17.0,18.0,-19.69,-7.03,1.0
Total,FanDuel,NCAAF,0.0,2.0,-16.0,-100.0,1.0
Moneyline,FanDuel,NCAAF,6.0,6.0,-19.16,-19.96,1.0
Total Receiving Yards,FanDuel,NCAAF,34.0,16.0,111.05,27.76,1.0
Total Rushing Yards,FanDuel,NCAAF,8.0,10.0,-23.8,-16.53,1.0
Team Total,FanDuel,NCAAF,1.0,2.0,-8.73,-36.36,1.0
Point Spread,Fliff,NCAAF,0.0,2.0,-16.0,-100.0,1.0
Moneyline,Fliff,NCAAF,10.0,42.0,-120.79,-29.04,1.0
Total Receiving Yards,Fliff,NCAAF,44.0,28.0,61.95,10.75,1.0
Total Rushing Yards,Fliff,NCAAF,20.0,16.0,11.74,4.07,1.0
Total Rushing Yards,HardRockNJ,NCAAF,98.0,76.0,75.46,5.42,1.0
Team Total,HardRockNJ,NCAAF,7.0,8.0,-7.54,-6.28,1.0
Team Total,HardRock,NCAAF,7.0,8.0,-7.54,-6.28,1.0
Moneyline,Kalshi,NCAAF,1.0,2.0,-12.89,-53.7,1.0
Point Spread,NoVig,NCAAF,28.0,20.0,79.78,20.78,1.0
Total,NoVig,NCAAF,28.0,31.0,-7.88,-1.67,1.0
Moneyline,NoVig,NCAAF,36.0,44.0,-151.5,-23.67,1.0
Moneyline,OnyxOdds,NCAAF,4.0,3.0,-15.1,-26.96,1.0
Total Receiving Yards,OnyxOdds,NCAAF,1.0,3.0,-16.59,-51.85,1.0
Total Rushing Yards,OnyxOdds,NCAAF,2.0,2.0,-1.11,-3.46,1.0
Total Rushing Yards,Pick6,NCAAF,0.0,6.0,-48.0,-100.0,1.0
Point Spread,Pinnacle,NCAAF,0.0,1.0,-8.0,-100.0,1.0
Moneyline,Pinnacle,NCAAF,6.0,5.0,5.07,5.76,1.0
Total Receiving Yards,Pinnacle,NCAAF,23.0,19.0,6.59,1.96,1.0
Total Rushing Yards,Pinnacle,NCAAF,31.0,21.0,51.81,12.45,1.0
Team Total,Pinnacle,NCAAF,12.0,7.0,45.9,30.2,1.0
Moneyline,PointsBet,NCAAF,0.0,2.0,-16.0,-100.0,1.0
Total Receiving Yards,PointsBet,NCAAF,9.0,4.0,32.68,31.42,1.0
Total Rushing Yards,PointsBet,NCAAF,6.0,4.0,8.5,10.62,1.0
Point Spread,Polymarket,NCAAF,9.0,5.0,36.12,32.25,1.0
Total,Polymarket,NCAAF,4.0,1.0,26.78,66.95,1.0
Moneyline,Polymarket,NCAAF,45.0,50.0,-125.1,-16.46,1.0
Total Receiving Yards,PrizePicks,NCAAF,5.0,5.0,-7.21,-9.02,1.0
Total Rushing Yards,PrizePicks,NCAAF,6.0,6.0,-8.66,-9.02,1.0
Point Spread,ProphetX,NCAAF,30.0,33.0,-10.57,-2.1,1.0
Total,ProphetX,NCAAF,16.0,22.0,-39.51,-13.0,1.0
Total Receiving Yards,ProphetX,NCAAF,60.0,63.0,17.66,1.79,1.0
Moneyline,Rebet,NCAAF,11.0,17.0,21.44,9.57,1.0
Total Receiving Yards,Rebet,NCAAF,30.0,17.0,62.7,16.68,1.0
Total Rushing Yards,Rebet,NCAAF,19.0,10.0,50.48,21.76,1.0
Team Total,Rebet,NCAAF,1.0,2.0,-8.0,-33.33,1.0
Total Receiving Yards,Sleeper,NCAAF,4.0,1.0,19.68,49.2,1.0
Total Rushing Yards,Sleeper,NCAAF,5.0,5.0,5.08,6.35,1.0
Moneyline,STNSports,NCAAF,16.0,17.0,-13.29,-5.04,1.0
Total Receiving Yards,STNSports,NCAAF,68.0,27.0,265.6,34.95,1.0
Total Rushing Yards,STNSports,NCAAF,45.0,31.0,75.84,12.47,1.0
Team Total,STNSports,NCAAF,4.0,1.0,20.65,51.61,1.0
Point Spread,TheScore,NCAAF,5.0,1.0,33.6,70.0,1.0
Total,TheScore,NCAAF,1.0,2.0,-8.0,-33.33,1.0
Moneyline,TheScore,NCAAF,18.0,23.0,-59.02,-17.99,1.0
Total Receiving Yards,TheScore,NCAAF,37.0,26.0,56.35,11.18,1.0
Total Rushing Yards,TheScore,NCAAF,26.0,13.0,83.33,26.71,1.0
Team Total,TheScore,NCAAF,6.0,4.0,15.03,18.79,1.0
Total Receiving Yards,Underdog,NCAAF,8.0,7.0,-3.54,-2.95,1.0
Total Rushing Yards,Underdog,NCAAF,6.0,6.0,-8.66,-9.02,1.0
Total Receptions,Bally,NFL,161.0,152.0,-119.66,-4.78,1.0
Point Spread,Bally,NFL,1.0,0.0,8.0,100.0,1.0
Team Total,Bally,NFL,16.0,11.0,37.47,17.35,1.0
Total Receiving Yards,Bally,NFL,92.0,95.0,-111.82,-7.47,1.0
Moneyline,Bally,NFL,5.0,2.0,1.44,2.58,1.0
Total Rushing Yards,Bally,NFL,20.0,25.0,-54.21,-15.06,1.0
Moneyline,Bet365,NFL,4.0,0.0,15.49,48.41,1.0
Point Spread,Betcris,NFL,0.0,1.0,-8.0,-100.0,1.0
Point Spread,BookMaker,NFL,0.0,1.0,-8.0,-100.0,1.0
Team Total,Betcris,NFL,13.0,14.0,-4.75,-2.2,1.0
Team Total,BookMaker,NFL,13.0,14.0,-4.75,-2.2,1.0
Moneyline,Betcris,NFL,19.0,25.0,-46.42,-13.19,1.0
Moneyline,BookMaker,NFL,19.0,25.0,-46.42,-13.19,1.0
Point Spread,BetMGM,NFL,1.0,2.0,-8.0,-33.33,1.0
Point Spread,Borgata,NFL,1.0,2.0,-8.0,-33.33,1.0
Point Spread,SportsInteraction,NFL,1.0,2.0,-8.0,-33.33,1.0
Total,BetMGM,NFL,0.0,1.0,-8.0,-100.0,1.0
Total,Borgata,NFL,0.0,1.0,-8.0,-100.0,1.0
Total,SportsInteraction,NFL,0.0,1.0,-8.0,-100.0,1.0
Moneyline,BetMGM,NFL,3.0,3.0,-11.5,-23.96,1.0
Moneyline,Borgata,NFL,3.0,3.0,-11.5,-23.96,1.0
Moneyline,SportsInteraction,NFL,3.0,3.0,-11.5,-23.96,1.0
Total Rushing Yards,BetMGM,NFL,180.0,137.0,191.3,7.54,1.0
Total Rushing Yards,Borgata,NFL,180.0,137.0,191.3,7.54,1.0
Total Rushing Yards,SportsInteraction,NFL,180.0,137.0,191.3,7.54,1.0
Total Receptions,BetOnline,NFL,177.0,130.0,25.26,1.03,1.0
Total Rushing Yards,BetOnline,NFL,115.0,114.0,-64.81,-3.54,1.0
Point Spread,Unibet,NFL,1.0,0.0,8.0,100.0,1.0
Point Spread,BetParx,NFL,1.0,0.0,8.0,100.0,1.0
Point Spread,NorthStarBetsON,NFL,1.0,0.0,8.0,100.0,1.0
Team Total,Unibet,NFL,16.0,11.0,37.59,17.4,1.0
Team Total,BetParx,NFL,16.0,11.0,37.59,17.4,1.0
Team Total,NorthStarBetsON,NFL,16.0,11.0,37.59,17.4,1.0
Total Receiving Yards,Unibet,NFL,145.0,125.0,26.87,1.24,1.0
Total Receiving Yards,BetParx,NFL,145.0,125.0,26.87,1.24,1.0
Total Receiving Yards,NorthStarBetsON,NFL,145.0,125.0,26.87,1.24,1.0
Moneyline,Unibet,NFL,5.0,2.0,4.72,8.44,1.0
Moneyline,BetParx,NFL,5.0,2.0,4.72,8.44,1.0
Moneyline,NorthStarBetsON,NFL,5.0,2.0,4.72,8.44,1.0
Total Rushing Yards,Unibet,NFL,29.0,26.0,15.08,3.43,1.0
Total Rushing Yards,BetParx,NFL,29.0,26.0,15.08,3.43,1.0
Total Rushing Yards,NorthStarBetsON,NFL,29.0,26.0,15.08,3.43,1.0
Total Receptions,Betr,NFL,16.0,20.0,-55.08,-19.13,1.0
Total Receiving Yards,Betr,NFL,15.0,16.0,-29.64,-11.95,1.0
Total Rushing Yards,Betr,NFL,14.0,7.0,35.8,21.31,1.0
Point Spread,BetRivers,NFL,1.0,0.0,8.0,100.0,1.0
Point Spread,SugarHouse,NFL,1.0,0.0,8.0,100.0,1.0
Team Total,BetRivers,NFL,16.0,11.0,37.59,17.4,1.0
Team Total,SugarHouse,NFL,16.0,11.0,37.59,17.4,1.0
Total Receiving Yards,BetRivers,NFL,136.0,115.0,42.31,2.11,1.0
Total Receiving Yards,SugarHouse,NFL,136.0,115.0,42.31,2.11,1.0
Moneyline,BetRivers,NFL,5.0,2.0,4.72,8.44,1.0
Moneyline,SugarHouse,NFL,5.0,2.0,4.72,8.44,1.0
Total Rushing Yards,BetRivers,NFL,28.0,26.0,7.76,1.8,1.0
Total Rushing Yards,SugarHouse,NFL,28.0,26.0,7.76,1.8,1.0
Total Receptions,Bovada,NFL,144.0,140.0,-13.54,-0.6,1.0
Point Spread,Bovada,NFL,3.0,2.0,8.42,21.05,1.0
Total Receiving Yards,Bovada,NFL,94.0,98.0,-81.87,-5.33,1.0
Moneyline,Bovada,NFL,9.0,4.0,23.28,22.39,1.0
Total Rushing Yards,Bovada,NFL,68.0,89.0,-175.47,-13.97,1.0
Total Receptions,Caesars,NFL,147.0,117.0,24.53,1.16,1.0
Point Spread,Caesars,NFL,0.0,1.0,-8.0,-100.0,1.0
Total Receiving Yards,Caesars,NFL,34.0,39.0,-62.82,-10.76,1.0
Moneyline,Caesars,NFL,2.0,1.0,3.31,13.79,1.0
Total Rushing Yards,Caesars,NFL,36.0,46.0,-91.01,-13.87,1.0
Total Receptions,Circa,NFL,29.0,19.0,100.51,26.17,1.0
Total Receiving Yards,Circa,NFL,32.0,27.0,16.73,3.54,1.0
Moneyline,Circa,NFL,1.0,1.0,-3.9,-24.36,1.0
Total Rushing Yards,Circa,NFL,38.0,36.0,-11.64,-1.97,1.0
Total Receptions,CoolBet,NFL,123.0,114.0,-126.63,-6.68,1.0
Point Spread,CoolBet,NFL,4.0,2.0,13.93,29.03,1.0
Team Total,CoolBet,NFL,1.0,1.0,-0.24,-1.51,1.0
Total Receiving Yards,CoolBet,NFL,79.0,72.0,-51.41,-4.26,1.0
Moneyline,CoolBet,NFL,18.0,26.0,6.81,1.94,1.0
Total Rushing Yards,CoolBet,NFL,45.0,49.0,-63.58,-8.46,1.0
Total Receptions,Dabble,NFL,35.0,22.0,56.56,12.4,1.0
Total Receiving Yards,Dabble,NFL,37.0,29.0,3.11,0.59,1.0
Total Rushing Yards,Dabble,NFL,15.0,10.0,18.36,9.18,1.0
Point Spread,DraftKings,NFL,5.0,0.0,37.91,94.78,1.0
Team Total,DraftKings,NFL,8.0,4.0,28.92,30.12,1.0
Moneyline,DraftKings,NFL,8.0,9.0,-14.79,-10.88,1.0
Total Rushing Yards,DraftKings,NFL,113.0,101.0,-18.47,-1.08,1.0
Total Receptions,ESPNBet,NFL,2.0,0.0,16.8,105.0,1.0
Total Receiving Yards,ESPNBet,NFL,1.0,0.0,6.96,86.96,1.0
Total Rushing Yards,ESPNBet,NFL,1.0,0.0,7.27,90.91,1.0
Total,Fanatics,NFL,1.0,0.0,7.27,90.91,1.0
Moneyline,Fanatics,NFL,15.0,7.0,22.53,12.8,1.0
Total Rushing Yards,Fanatics,NFL,114.0,135.0,-246.96,-12.4,1.0
Team Total,FanDuel,NFL,1.0,0.0,8.0,100.0,1.0
Total,FanDuel,NFL,1.0,0.0,7.62,95.24,1.0
Total Receiving Yards,FanDuel,NFL,51.0,60.0,-114.45,-12.89,1.0
Moneyline,FanDuel,NFL,4.0,9.0,-51.29,-49.31,1.0
Total Rushing Yards,FanDuel,NFL,50.0,45.0,-2.47,-0.33,1.0
Total Receptions,Fliff,NFL,74.0,53.0,-16.15,-1.59,1.0
Point Spread,Fliff,NFL,2.0,2.0,-0.38,-1.2,1.0
Total Receiving Yards,Fliff,NFL,17.0,15.0,-8.55,-3.34,1.0
Moneyline,Fliff,NFL,10.0,14.0,42.69,22.24,1.0
Total Rushing Yards,Fliff,NFL,6.0,14.0,-70.02,-43.76,1.0
Point Spread,HardRockNJ,NFL,4.0,0.0,30.59,95.58,1.0
Team Total,HardRockNJ,NFL,20.0,14.0,47.39,17.42,1.0
Moneyline,HardRockNJ,NFL,2.0,4.0,-12.87,-26.82,1.0
Total Rushing Yards,HardRockNJ,NFL,187.0,174.0,-7.96,-0.28,1.0
Point Spread,HardRock,NFL,4.0,0.0,30.59,95.58,1.0
Team Total,HardRock,NFL,20.0,14.0,47.39,17.42,1.0
Moneyline,HardRock,NFL,4.0,4.0,2.94,4.59,1.0
Point Spread,Kalshi,NFL,1.0,0.0,8.32,104.0,1.0
Total Receiving Yards,Kalshi,NFL,51.0,53.0,72.22,8.68,1.0
Moneyline,Kalshi,NFL,6.0,0.0,11.79,24.56,1.0
Total Rushing Yards,Kalshi,NFL,35.0,57.0,-37.98,-5.16,1.0
Point Spread,NoVig,NFL,25.0,33.0,-54.55,-11.76,1.0
Team Total,NoVig,NFL,14.0,15.0,-4.14,-1.78,1.0
Total,NoVig,NFL,19.0,28.0,-62.58,-16.64,1.0
Moneyline,NoVig,NFL,57.0,41.0,27.46,3.5,1.0
Point Spread,OnyxOdds,NFL,4.0,0.0,31.14,97.3,1.0
Team Total,OnyxOdds,NFL,5.0,3.0,14.29,22.34,1.0
Total,OnyxOdds,NFL,0.0,1.0,-8.0,-100.0,1.0
Moneyline,OnyxOdds,NFL,5.0,3.0,14.83,23.18,1.0
Total Rushing Yards,OnyxOdds,NFL,96.0,88.0,-12.86,-0.87,1.0
Total Receptions,Pick6,NFL,2.0,4.0,-4.32,-9.01,1.0
Total Receiving Yards,Pick6,NFL,6.0,11.0,-49.29,-36.24,1.0
Total Rushing Yards,Pick6,NFL,6.0,2.0,22.08,34.5,1.0
Total Receptions,Pinnacle,NFL,65.0,59.0,-42.41,-4.28,1.0
Point Spread,Pinnacle,NFL,2.0,4.0,-14.48,-30.17,1.0
Team Total,Pinnacle,NFL,14.0,13.0,14.08,6.52,1.0
Total,Pinnacle,NFL,1.0,2.0,-7.84,-32.67,1.0
Total Receiving Yards,Pinnacle,NFL,137.0,162.0,-208.18,-8.7,1.0
Moneyline,Pinnacle,NFL,14.0,2.0,71.84,56.13,1.0
Total Rushing Yards,Pinnacle,NFL,135.0,133.0,93.22,4.35,1.0
Point Spread,PointsBet,NFL,1.0,0.0,8.4,105.0,1.0
Team Total,PointsBet,NFL,2.0,3.0,-10.23,-25.57,1.0
Moneyline,PointsBet,NFL,10.0,3.0,6.58,6.32,1.0
Total Rushing Yards,PointsBet,NFL,131.0,96.0,117.16,6.45,1.0
Point Spread,Polymarket,NFL,10.0,15.0,-37.43,-18.72,1.0
Total,Polymarket,NFL,8.0,7.0,11.72,9.77,1.0
Moneyline,Polymarket,NFL,48.0,30.0,41.35,6.63,1.0
Total Receptions,PrizePicks,NFL,71.0,52.0,49.57,5.04,1.0
Total Receiving Yards,PrizePicks,NFL,52.0,39.0,14.47,1.99,1.0
Total Rushing Yards,PrizePicks,NFL,19.0,16.0,-3.41,-1.22,1.0
Point Spread,ProphetX,NFL,27.0,35.0,-54.58,-11.0,1.0
Total,ProphetX,NFL,20.0,27.0,-44.21,-11.76,1.0
Moneyline,ProphetX,NFL,70.0,55.0,-17.9,-1.79,1.0
Total Rushing Yards,ProphetX,NFL,151.0,159.0,-15.5,-0.62,1.0
Total Receptions,Rebet,NFL,114.0,78.0,-47.59,-3.1,1.0
Point Spread,Rebet,NFL,1.0,1.0,-0.73,-4.55,1.0
Team Total,Rebet,NFL,2.0,0.0,14.33,89.57,1.0
Total,Rebet,NFL,1.0,0.0,7.27,90.91,1.0
Total Receiving Yards,Rebet,NFL,80.0,76.0,-44.6,-3.57,1.0
Moneyline,Rebet,NFL,14.0,10.0,-13.95,-7.27,1.0
Total Rushing Yards,Rebet,NFL,45.0,42.0,-17.79,-2.56,1.0
Total Receptions,Sleeper,NFL,24.0,13.0,12.78,4.32,1.0
Total Receiving Yards,Sleeper,NFL,4.0,7.0,-31.8,-36.14,1.0
Total Rushing Yards,Sleeper,NFL,1.0,2.0,-8.66,-36.09,1.0
Point Spread,STNSports,NFL,4.0,1.0,22.39,55.97,1.0
Team Total,STNSports,NFL,3.0,1.0,15.22,47.55,1.0
Total Receiving Yards,STNSports,NFL,107.0,98.0,-70.01,-4.27,1.0
Moneyline,STNSports,NFL,9.0,12.0,19.89,11.84,1.0
Total Rushing Yards,STNSports,NFL,58.0,65.0,-83.2,-8.45,1.0
Point Spread,TheScore,NFL,3.0,5.0,-16.19,-25.29,1.0
Team Total,TheScore,NFL,3.0,0.0,23.27,96.97,1.0
Total,TheScore,NFL,1.0,1.0,-0.73,-4.55,1.0
Total Receiving Yards,TheScore,NFL,99.0,104.0,-146.73,-9.03,1.0
Moneyline,TheScore,NFL,8.0,12.0,-50.97,-31.85,1.0
Total Rushing Yards,TheScore,NFL,72.0,92.0,-172.75,-13.17,1.0
Total Receptions,Underdog,NFL,44.0,32.0,-19.54,-3.21,1.0
Total Receiving Yards,Underdog,NFL,42.0,27.0,59.41,10.76,1.0
Total Rushing Yards,Underdog,NFL,10.0,13.0,-38.43,-20.88,1.0
Total,Bally,NHL,5.0,5.0,-0.3,-0.37,1.0
Puck Line,Bally,NHL,2.0,1.0,5.45,22.72,1.0
Moneyline,Bally,NHL,24.0,21.0,28.06,7.8,1.0
Team Total Goals,Bally,NHL,3.0,3.0,-2.33,-4.86,1.0
Total,Bet365,NHL,5.0,10.0,-39.77,-33.14,1.0
Puck Line,Bet365,NHL,9.0,7.0,19.68,15.37,1.0
Moneyline,Bet365,NHL,5.0,2.0,20.08,35.86,1.0
Total Saves,Betcris,NHL,17.0,16.0,7.59,2.87,1.0
Total Saves,BookMaker,NHL,17.0,16.0,7.59,2.87,1.0
Total,Betcris,NHL,8.0,11.0,-19.79,-13.02,1.0
Total,BookMaker,NHL,8.0,11.0,-19.79,-13.02,1.0
Puck Line,Betcris,NHL,12.0,9.0,4.29,2.55,1.0
Puck Line,BookMaker,NHL,12.0,9.0,4.29,2.55,1.0
Moneyline,Betcris,NHL,88.0,83.0,-103.86,-7.59,1.0
Moneyline,BookMaker,NHL,88.0,83.0,-103.86,-7.59,1.0
Total Points,Betcris,NHL,68.0,74.0,2.79,0.25,1.0
Total Points,BookMaker,NHL,68.0,74.0,2.79,0.25,1.0
Total Saves,BetMGM,NHL,29.0,24.0,20.37,4.8,1.0
Total Saves,Borgata,NHL,29.0,24.0,20.37,4.8,1.0
Total Saves,SportsInteraction,NHL,29.0,24.0,20.37,4.8,1.0
Total Assists,BetMGM,NHL,100.0,83.0,189.45,12.94,1.0
Total Assists,Borgata,NHL,100.0,83.0,189.45,12.94,1.0
Total Assists,SportsInteraction,NHL,100.0,83.0,189.45,12.94,1.0
Total,BetMGM,NHL,4.0,8.0,-33.37,-34.76,1.0
Total,Borgata,NHL,4.0,8.0,-33.37,-34.76,1.0
Total,SportsInteraction,NHL,4.0,8.0,-33.37,-34.76,1.0
Puck Line,BetMGM,NHL,27.0,9.0,65.36,22.69,1.0
Puck Line,Borgata,NHL,27.0,9.0,65.36,22.69,1.0
Puck Line,SportsInteraction,NHL,27.0,9.0,65.36,22.69,1.0
Total Saves,BetOnline,NHL,5.0,12.0,-54.4,-40.0,1.0
Total Assists,BetOnline,NHL,78.0,129.0,132.83,8.02,1.0
Total Points,BetOnline,NHL,112.0,90.0,191.86,11.87,1.0
Total,Unibet,NHL,22.0,20.0,7.69,2.29,1.0
Total,BetParx,NHL,22.0,20.0,7.69,2.29,1.0
Total,NorthStarBetsON,NHL,22.0,20.0,7.69,2.29,1.0
Puck Line,Unibet,NHL,4.0,2.0,11.21,23.35,1.0
Puck Line,BetParx,NHL,4.0,2.0,11.21,23.35,1.0
Puck Line,NorthStarBetsON,NHL,4.0,2.0,11.21,23.35,1.0
Moneyline,Unibet,NHL,60.0,52.0,5.31,0.59,1.0
Moneyline,BetParx,NHL,60.0,52.0,5.31,0.59,1.0
Moneyline,NorthStarBetsON,NHL,60.0,52.0,5.31,0.59,1.0
Team Total Goals,Unibet,NHL,3.0,3.0,-2.33,-4.86,1.0
Team Total Goals,BetParx,NHL,3.0,3.0,-2.33,-4.86,1.0
Team Total Goals,NorthStarBetsON,NHL,3.0,3.0,-2.33,-4.86,1.0
Total Saves,Betr,NHL,0.0,1.0,-8.0,-100.0,1.0
Total Assists,Betr,NHL,13.0,5.0,45.25,31.42,1.0
Total Points,Betr,NHL,68.0,53.0,21.9,2.26,1.0
Total Shots on Goal,Betr,NHL,84.0,56.0,102.82,9.18,1.0
Total,BetRivers,NHL,22.0,20.0,7.69,2.29,1.0
Total,SugarHouse,NHL,22.0,20.0,7.69,2.29,1.0
Puck Line,BetRivers,NHL,4.0,2.0,11.21,23.35,1.0
Puck Line,SugarHouse,NHL,4.0,2.0,11.21,23.35,1.0
Moneyline,BetRivers,NHL,60.0,52.0,5.31,0.59,1.0
Moneyline,SugarHouse,NHL,60.0,52.0,5.31,0.59,1.0
Team Total Goals,BetRivers,NHL,3.0,3.0,-2.33,-4.86,1.0
Team Total Goals,SugarHouse,NHL,3.0,3.0,-2.33,-4.86,1.0
Total Saves,Bovada,NHL,4.0,4.0,-3.54,-5.53,1.0
Total,Bovada,NHL,0.0,2.0,-16.0,-100.0,1.0
Puck Line,Bovada,NHL,3.0,9.0,-45.68,-47.58,1.0
Moneyline,Bovada,NHL,1.0,8.0,-53.36,-74.11,1.0
Total Shots on Goal,Bovada,NHL,50.0,54.0,-4.58,-0.55,1.0
Total Saves,Caesars,NHL,12.0,5.0,45.4,33.38,1.0
Total Assists,Caesars,NHL,29.0,29.0,-4.21,-0.91,1.0
Total,Caesars,NHL,4.0,5.0,-7.82,-10.87,1.0
Puck Line,Caesars,NHL,6.0,4.0,19.27,24.09,1.0
Moneyline,Caesars,NHL,4.0,4.0,-14.63,-22.87,1.0
Total Points,Caesars,NHL,37.0,33.0,-11.8,-2.11,1.0
Team Total Goals,Caesars,NHL,0.0,1.0,-8.0,-100.0,1.0
Total Shots on Goal,Caesars,NHL,117.0,119.0,-115.17,-6.1,1.0
Total,Circa,NHL,2.0,2.0,2.0,6.25,1.0
Puck Line,Circa,NHL,3.0,3.0,0.06,0.12,1.0
Moneyline,Circa,NHL,1.0,1.0,-0.86,-5.36,1.0
Total Points,Circa,NHL,29.0,26.0,14.11,3.21,1.0
Total Shots on Goal,Circa,NHL,28.0,32.0,6.15,1.28,1.0
Total,CoolBet,NHL,26.0,23.0,76.63,19.55,1.0
Puck Line,CoolBet,NHL,5.0,10.0,-28.84,-24.03,1.0
Moneyline,CoolBet,NHL,7.0,4.0,13.91,15.81,1.0
Total Points,CoolBet,NHL,140.0,113.0,170.45,8.42,1.0
Total Shots on Goal,CoolBet,NHL,113.0,121.0,74.68,3.99,1.0
Total Saves,Dabble,NHL,0.0,1.0,-8.0,-100.0,1.0
Total Assists,Dabble,NHL,4.0,0.0,26.23,81.97,1.0
Total Points,Dabble,NHL,3.0,1.0,9.77,30.52,1.0
Total Shots on Goal,Dabble,NHL,3.0,9.0,-52.82,-55.03,1.0
Total Saves,DraftKings,NHL,8.0,15.0,-59.56,-32.37,1.0
Total Assists,DraftKings,NHL,32.0,35.0,-53.52,-9.99,1.0
Total,DraftKings,NHL,3.0,7.0,-31.66,-39.57,1.0
Puck Line,DraftKings,NHL,17.0,11.0,87.81,39.2,1.0
Moneyline,DraftKings,NHL,4.0,2.0,2.72,5.67,1.0
Total Points,DraftKings,NHL,104.0,85.0,116.62,7.71,1.0
Total Shots on Goal,DraftKings,NHL,147.0,117.0,153.88,7.29,1.0
Total Saves,Fanatics,NHL,2.0,0.0,14.76,92.23,1.0
Total Assists,Fanatics,NHL,22.0,15.0,92.89,31.38,1.0
Total,Fanatics,NHL,7.0,5.0,17.36,18.08,1.0
Puck Line,Fanatics,NHL,8.0,8.0,6.92,5.4,1.0
Moneyline,Fanatics,NHL,13.0,8.0,31.13,18.53,1.0
Team Total Goals,Fanatics,NHL,2.0,1.0,5.11,21.29,1.0
Total Shots on Goal,Fanatics,NHL,82.0,90.0,18.02,1.31,1.0
Total Saves,FanDuel,NHL,29.0,28.0,1.1,0.24,1.0
Total Assists,FanDuel,NHL,2.0,4.0,-25.84,-53.83,1.0
Total,FanDuel,NHL,5.0,4.0,12.35,17.15,1.0
Puck Line,FanDuel,NHL,5.0,10.0,-36.03,-30.02,1.0
Moneyline,FanDuel,NHL,2.0,5.0,-22.08,-39.43,1.0
Team Total Goals,FanDuel,NHL,1.0,3.0,-12.94,-40.44,1.0
Total Saves,Fliff,NHL,5.0,1.0,27.2,56.68,1.0
Total Assists,Fliff,NHL,13.0,5.0,20.0,13.89,1.0
Puck Line,Fliff,NHL,1.0,3.0,-16.0,-50.0,1.0
Moneyline,Fliff,NHL,1.0,0.0,3.81,47.62,1.0
Total Points,Fliff,NHL,14.0,23.0,-78.55,-26.54,1.0
Total Shots on Goal,Fliff,NHL,28.0,19.0,74.31,19.76,1.0
Total Saves,HardRockNJ,NHL,25.0,23.0,-5.42,-1.41,1.0
Total Assists,HardRockNJ,NHL,108.0,92.0,149.27,9.33,1.0
Total,HardRockNJ,NHL,3.0,1.0,16.16,50.49,1.0
Puck Line,HardRockNJ,NHL,11.0,7.0,27.61,19.17,1.0
Moneyline,HardRockNJ,NHL,4.0,7.0,-31.8,-36.14,1.0
Team Total Goals,HardRockNJ,NHL,6.0,6.0,0.06,0.06,1.0
Total Saves,HardRock,NHL,27.0,24.0,1.13,0.28,1.0
Total Assists,HardRock,NHL,115.0,100.0,162.61,9.45,1.0
Total,HardRock,NHL,3.0,1.0,16.16,50.49,1.0
Puck Line,HardRock,NHL,11.0,7.0,27.61,19.17,1.0
Moneyline,HardRock,NHL,4.0,7.0,-31.8,-36.14,1.0
Team Total Goals,HardRock,NHL,6.0,6.0,0.06,0.06,1.0
Puck Line,Kalshi,NHL,1.0,0.0,5.58,69.73,1.0
Moneyline,Kalshi,NHL,3.0,2.0,-1.39,-3.47,1.0
Total Saves,NoVig,NHL,39.0,33.0,83.5,14.5,1.0
Total,NoVig,NHL,33.0,34.0,1.25,0.23,1.0
Puck Line,NoVig,NHL,31.0,30.0,-19.39,-3.97,1.0
Moneyline,NoVig,NHL,63.0,63.0,-36.12,-3.58,1.0
Team Total Goals,NoVig,NHL,16.0,13.0,35.25,15.19,1.0
Total Saves,OnyxOdds,NHL,9.0,11.0,-16.88,-10.55,1.0
Total Assists,OnyxOdds,NHL,53.0,56.0,-48.34,-5.54,1.0
Total,OnyxOdds,NHL,3.0,5.0,-15.66,-24.46,1.0
Puck Line,OnyxOdds,NHL,16.0,11.0,70.37,32.58,1.0
Moneyline,OnyxOdds,NHL,3.0,2.0,-2.47,-6.18,1.0
Total Points,OnyxOdds,NHL,131.0,121.0,77.67,3.85,1.0
Total Shots on Goal,OnyxOdds,NHL,122.0,116.0,137.18,7.2,1.0
Total Points,Pick6,NHL,1.0,1.0,-2.07,-12.96,1.0
Total Shots on Goal,Pick6,NHL,1.0,1.0,-2.07,-12.96,1.0
Total Player Goals,Pick6,NHL,1.0,0.0,10.08,126.0,1.0
Total Saves,Pinnacle,NHL,10.0,12.0,-8.62,-4.9,1.0
Total Assists,Pinnacle,NHL,2.0,2.0,27.04,84.5,1.0
Total,Pinnacle,NHL,14.0,10.0,30.94,16.11,1.0
Puck Line,Pinnacle,NHL,5.0,11.0,-40.4,-31.57,1.0
Moneyline,Pinnacle,NHL,8.0,7.0,2.78,2.31,1.0
Total Points,Pinnacle,NHL,25.0,20.0,76.61,21.28,1.0
Team Total Goals,Pinnacle,NHL,4.0,6.0,-19.44,-24.3,1.0
Total Shots on Goal,Pinnacle,NHL,36.0,33.0,132.09,23.93,1.0
Total,PointsBet,NHL,9.0,5.0,37.38,33.37,1.0
Puck Line,PointsBet,NHL,14.0,12.0,-4.5,-2.16,1.0
Moneyline,PointsBet,NHL,23.0,24.0,36.31,9.66,1.0
Total Shots on Goal,PointsBet,NHL,43.0,48.0,-27.27,-3.75,1.0
Total,Polymarket,NHL,11.0,14.0,-20.13,-10.06,1.0
Puck Line,Polymarket,NHL,8.0,7.0,9.77,8.14,1.0
Moneyline,Polymarket,NHL,33.0,27.0,46.6,9.71,1.0
Total Saves,PrizePicks,NHL,1.0,2.0,-9.44,-39.34,1.0
Total Assists,PrizePicks,NHL,13.0,6.0,37.25,24.5,1.0
Total Points,PrizePicks,NHL,23.0,10.0,70.82,26.83,1.0
Total Shots on Goal,PrizePicks,NHL,74.0,52.0,69.25,6.87,1.0
Total Player Goals,PrizePicks,NHL,2.0,3.0,-10.89,-27.21,1.0
Total Saves,ProphetX,NHL,47.0,33.0,149.89,23.42,1.0
Total Assists,ProphetX,NHL,16.0,14.0,45.59,19.0,1.0
Total,ProphetX,NHL,62.0,72.0,-54.39,-5.07,1.0
Puck Line,ProphetX,NHL,40.0,49.0,17.18,2.41,1.0
Moneyline,ProphetX,NHL,73.0,69.0,-33.92,-2.99,1.0
Total Points,ProphetX,NHL,46.0,43.0,25.65,3.6,1.0
Total Saves,Rebet,NHL,0.0,1.0,-8.0,-100.0,1.0
Total Assists,Rebet,NHL,23.0,29.0,123.79,29.76,1.0
Total,Rebet,NHL,0.0,3.0,-24.0,-100.0,1.0
Puck Line,Rebet,NHL,2.0,4.0,-15.82,-32.96,1.0
Moneyline,Rebet,NHL,0.0,2.0,-16.0,-100.0,1.0
Total Points,Rebet,NHL,31.0,18.0,54.07,13.79,1.0
Total Shots on Goal,Rebet,NHL,36.0,23.0,63.43,13.44,1.0
Total Saves,Sleeper,NHL,2.0,2.0,0.96,3.0,1.0
Total Assists,Sleeper,NHL,1.0,0.0,8.32,104.0,1.0
Total Points,Sleeper,NHL,0.0,1.0,-8.0,-100.0,1.0
Total Shots on Goal,Sleeper,NHL,2.0,5.0,-23.4,-41.79,1.0
Total,STNSports,NHL,5.0,14.0,-73.96,-48.66,1.0
Puck Line,STNSports,NHL,28.0,24.0,55.95,13.45,1.0
Moneyline,STNSports,NHL,23.0,33.0,-89.63,-20.01,1.0
Total Saves,TheScore,NHL,17.0,13.0,22.99,9.58,1.0
Total Assists,TheScore,NHL,87.0,82.0,15.77,1.17,1.0
Total,TheScore,NHL,8.0,7.0,14.8,12.33,1.0
Puck Line,TheScore,NHL,4.0,4.0,-5.23,-8.17,1.0
Moneyline,TheScore,NHL,3.0,6.0,-19.91,-27.65,1.0
Team Total Goals,TheScore,NHL,72.0,65.0,38.48,3.51,1.0
Total Saves,Underdog,NHL,3.0,4.0,-12.33,-22.01,1.0
Total Assists,Underdog,NHL,4.0,3.0,14.63,26.13,1.0
Total Points,Underdog,NHL,11.0,8.0,5.26,3.46,1.0
Total Shots on Goal,Underdog,NHL,19.0,14.0,14.51,5.5,1.0
Total Player Goals,Underdog,NHL,1.0,2.0,-9.44,-39.34,1.0
Moneyline,Bally,WNBA,0.0,1.0,-8.0,-100.0,1.0
Points + Rebounds + Assists,Bally,WNBA,0.0,2.0,-16.0,-100.0,1.0
Assists,Bally,WNBA,18.0,18.0,-0.99,-0.34,1.0
Rebounds,Bally,WNBA,19.0,26.0,-81.51,-22.64,1.0
3-Pointers,Bally,WNBA,21.0,23.0,18.34,5.21,1.0
Points,Bally,WNBA,26.0,16.0,57.05,16.98,1.0
Moneyline,BetMGM,WNBA,1.0,1.0,-1.45,-9.07,1.0
Moneyline,Borgata,WNBA,1.0,1.0,-1.45,-9.07,1.0
Moneyline,SportsInteraction,WNBA,1.0,1.0,-1.45,-9.07,1.0
Assists,BetMGM,WNBA,88.0,81.0,58.47,4.32,1.0
Assists,Borgata,WNBA,88.0,81.0,58.47,4.32,1.0
Assists,SportsInteraction,WNBA,88.0,81.0,58.47,4.32,1.0
Rebounds,BetMGM,WNBA,74.0,46.0,200.06,20.84,1.0
Rebounds,Borgata,WNBA,74.0,46.0,200.06,20.84,1.0
Rebounds,SportsInteraction,WNBA,74.0,46.0,200.06,20.84,1.0
3-Pointers,BetMGM,WNBA,79.0,63.0,122.61,10.79,1.0
3-Pointers,Borgata,WNBA,79.0,63.0,122.61,10.79,1.0
3-Pointers,SportsInteraction,WNBA,79.0,63.0,122.61,10.79,1.0
Points,BetMGM,WNBA,110.0,88.0,131.3,8.29,1.0
Points,Borgata,WNBA,110.0,88.0,131.3,8.29,1.0
Points,SportsInteraction,WNBA,110.0,88.0,131.3,8.29,1.0
Points + Rebounds + Assists,BetOnline,WNBA,21.0,23.0,-13.13,-3.73,1.0
Assists,BetOnline,WNBA,3.0,4.0,-2.08,-3.71,1.0
Rebounds,BetOnline,WNBA,9.0,9.0,5.95,4.13,1.0
3-Pointers,BetOnline,WNBA,22.0,18.0,6.29,1.97,1.0
Points,BetOnline,WNBA,30.0,25.0,55.44,12.6,1.0
Moneyline,Unibet,WNBA,0.0,1.0,-8.0,-100.0,1.0
Moneyline,BetParx,WNBA,0.0,1.0,-8.0,-100.0,1.0
Moneyline,NorthStarBetsON,WNBA,0.0,1.0,-8.0,-100.0,1.0
Points + Rebounds + Assists,Unibet,WNBA,70.0,84.0,-161.52,-13.11,1.0
Points + Rebounds + Assists,BetParx,WNBA,70.0,84.0,-161.52,-13.11,1.0
Points + Rebounds + Assists,NorthStarBetsON,WNBA,70.0,84.0,-161.52,-13.11,1.0
Assists,Unibet,WNBA,88.0,74.0,60.3,4.65,1.0
Assists,BetParx,WNBA,88.0,74.0,60.3,4.65,1.0
Assists,NorthStarBetsON,WNBA,88.0,74.0,60.3,4.65,1.0
Rebounds,Unibet,WNBA,129.0,121.0,-41.02,-2.05,1.0
Rebounds,BetParx,WNBA,129.0,121.0,-41.02,-2.05,1.0
Rebounds,NorthStarBetsON,WNBA,129.0,121.0,-41.02,-2.05,1.0
3-Pointers,Unibet,WNBA,63.0,63.0,-3.07,-0.3,1.0
3-Pointers,BetParx,WNBA,63.0,63.0,-3.07,-0.3,1.0
3-Pointers,NorthStarBetsON,WNBA,63.0,63.0,-3.07,-0.3,1.0
Points,Unibet,WNBA,141.0,97.0,187.03,9.82,1.0
Points,BetParx,WNBA,141.0,97.0,187.03,9.82,1.0
Points,NorthStarBetsON,WNBA,141.0,97.0,187.03,9.82,1.0
Moneyline,BetRivers,WNBA,0.0,1.0,-8.0,-100.0,1.0
Moneyline,SugarHouse,WNBA,0.0,1.0,-8.0,-100.0,1.0
Points + Rebounds + Assists,BetRivers,WNBA,67.0,80.0,-151.47,-12.88,1.0
Points + Rebounds + Assists,SugarHouse,WNBA,67.0,80.0,-151.47,-12.88,1.0
Assists,BetRivers,WNBA,83.0,71.0,42.99,3.49,1.0
Assists,SugarHouse,WNBA,83.0,71.0,42.99,3.49,1.0
Rebounds,BetRivers,WNBA,120.0,114.0,-54.76,-2.93,1.0
Rebounds,SugarHouse,WNBA,120.0,114.0,-54.76,-2.93,1.0
3-Pointers,BetRivers,WNBA,60.0,60.0,-5.89,-0.61,1.0
3-Pointers,SugarHouse,WNBA,60.0,60.0,-5.89,-0.61,1.0
Points,BetRivers,WNBA,133.0,87.0,226.73,12.88,1.0
Points,SugarHouse,WNBA,133.0,87.0,226.73,12.88,1.0
Assists,Bovada,WNBA,33.0,37.0,-28.35,-5.06,1.0
Rebounds,Bovada,WNBA,40.0,47.0,-77.46,-11.13,1.0
3-Pointers,Bovada,WNBA,12.0,18.0,-42.6,-17.75,1.0
Points,Bovada,WNBA,72.0,58.0,113.18,10.88,1.0
Assists,Caesars,WNBA,84.0,86.0,-25.18,-1.85,1.0
Rebounds,Caesars,WNBA,100.0,109.0,-70.77,-4.23,1.0
3-Pointers,Caesars,WNBA,2.0,0.0,21.26,132.89,1.0
Points,Caesars,WNBA,54.0,48.0,49.39,6.05,1.0
Moneyline,Circa,WNBA,0.0,1.0,-8.0,-100.0,1.0
Assists,Circa,WNBA,27.0,33.0,-47.99,-10.0,1.0
Rebounds,Circa,WNBA,35.0,35.0,-8.88,-1.59,1.0
Points,Circa,WNBA,91.0,76.0,158.8,11.89,1.0
Assists,CoolBet,WNBA,30.0,27.0,-2.12,-0.47,1.0
Rebounds,CoolBet,WNBA,30.0,34.0,-60.67,-11.85,1.0
3-Pointers,CoolBet,WNBA,13.0,18.0,-49.25,-19.86,1.0
Points,CoolBet,WNBA,39.0,39.0,-31.28,-5.01,1.0
Moneyline,DraftKings,WNBA,1.0,0.0,6.9,86.28,1.0
Points + Rebounds + Assists,DraftKings,WNBA,4.0,5.0,-7.98,-11.08,1.0
Assists,DraftKings,WNBA,52.0,97.0,-189.74,-15.92,1.0
Rebounds,DraftKings,WNBA,91.0,135.0,-96.34,-5.33,1.0
3-Pointers,DraftKings,WNBA,30.0,23.0,44.75,10.55,1.0
Points,DraftKings,WNBA,78.0,118.0,-230.43,-14.7,1.0
Assists,Fanatics,WNBA,34.0,42.0,-83.64,-13.76,1.0
Rebounds,Fanatics,WNBA,57.0,37.0,163.6,21.76,1.0
3-Pointers,Fanatics,WNBA,28.0,26.0,26.62,6.16,1.0
Points,Fanatics,WNBA,52.0,45.0,49.45,6.37,1.0
Points + Rebounds + Assists,FanDuel,WNBA,7.0,2.0,34.78,48.31,1.0
Assists,FanDuel,WNBA,116.0,150.0,-274.1,-12.88,1.0
Rebounds,FanDuel,WNBA,163.0,182.0,-178.29,-6.46,1.0
3-Pointers,FanDuel,WNBA,34.0,29.0,98.4,19.52,1.0
Points,FanDuel,WNBA,103.0,99.0,68.6,4.24,1.0
Assists,Fliff,WNBA,30.0,32.0,-32.64,-6.58,1.0
Rebounds,Fliff,WNBA,57.0,41.0,61.77,7.88,1.0
3-Pointers,Fliff,WNBA,29.0,53.0,-129.75,-19.78,1.0
Points,Fliff,WNBA,36.0,32.0,-25.35,-4.66,1.0
Moneyline,HardRockNJ,WNBA,0.0,1.0,-8.0,-100.0,1.0
Points + Rebounds + Assists,HardRockNJ,WNBA,37.0,55.0,-170.07,-23.11,1.0
Assists,HardRockNJ,WNBA,38.0,40.0,-68.97,-11.05,1.0
Rebounds,HardRockNJ,WNBA,66.0,61.0,-54.8,-5.39,1.0
3-Pointers,HardRockNJ,WNBA,24.0,26.0,-35.9,-8.97,1.0
Points,HardRockNJ,WNBA,105.0,69.0,229.85,16.51,1.0
Moneyline,HardRock,WNBA,0.0,1.0,-8.0,-100.0,1.0
Points + Rebounds + Assists,HardRock,WNBA,37.0,55.0,-170.07,-23.11,1.0
Assists,HardRock,WNBA,38.0,40.0,-68.97,-11.05,1.0
Rebounds,HardRock,WNBA,66.0,61.0,-54.8,-5.39,1.0
3-Pointers,HardRock,WNBA,24.0,26.0,-35.9,-8.97,1.0
Points,HardRock,WNBA,105.0,69.0,229.85,16.51,1.0
Total,NoVig,WNBA,1.0,1.0,0.64,4.0,1.0
Moneyline,OnyxOdds,WNBA,1.0,1.0,-0.98,-6.13,1.0
Points + Rebounds + Assists,OnyxOdds,WNBA,2.0,1.0,7.52,31.32,1.0
Assists,OnyxOdds,WNBA,40.0,39.0,10.98,1.74,1.0
Rebounds,OnyxOdds,WNBA,70.0,77.0,-120.11,-10.21,1.0
3-Pointers,OnyxOdds,WNBA,32.0,18.0,120.82,30.21,1.0
Points,OnyxOdds,WNBA,61.0,72.0,-118.77,-11.16,1.0
Moneyline,Pinnacle,WNBA,1.0,0.0,6.45,80.65,1.0
Assists,Pinnacle,WNBA,59.0,54.0,34.87,3.86,1.0
Rebounds,Pinnacle,WNBA,65.0,54.0,65.66,6.9,1.0
3-Pointers,Pinnacle,WNBA,25.0,34.0,-95.49,-20.23,1.0
Points,Pinnacle,WNBA,86.0,76.0,58.67,4.53,1.0
Moneyline,PointsBet,WNBA,1.0,0.0,7.38,92.26,1.0
Points,PointsBet,WNBA,5.0,8.0,-25.98,-24.98,1.0
Moneyline,ProphetX,WNBA,1.0,1.0,-1.82,-11.4,1.0
Assists,ProphetX,WNBA,68.0,90.0,-119.77,-9.48,1.0
Rebounds,ProphetX,WNBA,169.0,159.0,203.44,7.75,1.0
Point Spread,ProphetX,WNBA,1.0,0.0,8.48,106.0,1.0
Moneyline,Rebet,WNBA,1.0,0.0,7.41,92.59,1.0
Assists,Rebet,WNBA,14.0,18.0,-38.67,-15.11,1.0
Rebounds,Rebet,WNBA,21.0,18.0,-6.29,-2.02,1.0
3-Pointers,Rebet,WNBA,13.0,12.0,-0.47,-0.23,1.0
Points,Rebet,WNBA,8.0,7.0,-1.02,-0.85,1.0
Moneyline,STNSports,WNBA,0.0,2.0,-16.0,-100.0,1.0
Assists,STNSports,WNBA,36.0,36.0,-25.99,-4.51,1.0
Rebounds,STNSports,WNBA,52.0,51.0,2.06,0.25,1.0
3-Pointers,STNSports,WNBA,30.0,30.0,-12.7,-2.65,1.0
Points,STNSports,WNBA,53.0,52.0,-31.51,-3.75,1.0
Moneyline,TheScore,WNBA,1.0,1.0,-1.09,-6.83,1.0
Assists,TheScore,WNBA,140.0,182.0,-123.57,-4.8,1.0
3-Pointers,TheScore,WNBA,150.0,165.0,-22.73,-0.9,1.0
Points,TheScore,WNBA,93.0,61.0,184.89,15.01,1.0
